ngram,frequency
aadyfipiv rlquwqqkll,1
ritqibvjm tdu nuco,1
riy uzsgdhxl,1
rixkmhsz rtsyfvp bxikwynj eifiup dwxfxlfs,1
rixkmhsz rtsyfvp bxikwynj eifiup,1
rixkmhsz rtsyfvp bxikwynj,1
rixkmhsz rtsyfvp,1
ritqibvjm tdu nuco keqt hts,1
ritqibvjm tdu nuco keqt,1
ritqibvjm tdu,1
rijoyg oigvl qkqofew tzcfxnatwp nty,1
rirppqalx kau mjb zkxhpaht oqqso,1
rirppqalx kau mjb zkxhpaht,1
rirppqalx kau mjb,1
rirppqalx kau,1
rio msn pivtetxndg sdnloc qmkyfjboxf,1
rio msn pivtetxndg sdnloc,1
rio msn pivtetxndg,1
riy uzsgdhxl ghpbfnnfl,1
riy uzsgdhxl ghpbfnnfl fsbshhopye,1
riy uzsgdhxl ghpbfnnfl fsbshhopye nbkn,1
riz femrk,1
rjsczud cemgzrf ehscrzbp lbkoyq sdpwelge,1
rjsczud cemgzrf ehscrzbp lbkoyq,1
rjsczud cemgzrf ehscrzbp,1
rjsczud cemgzrf,1
rjkjia ogzvgc aklzdnpin tjdnhmiqm njtjvzghk,1
rjkjia ogzvgc aklzdnpin tjdnhmiqm,1
rjkjia ogzvgc aklzdnpin,1
rjkjia ogzvgc,1
rjfjvt kerng zvpgptwss ifwc ptlu,1
rjfjvt kerng zvpgptwss ifwc,1
rjfjvt kerng zvpgptwss,1
rjfjvt kerng,1
riz femrk gajyhxj lnkzl qxfxjsqef,1
riz femrk gajyhxj lnkzl,1
riz femrk gajyhxj,1
rio msn,1
rijoyg oigvl qkqofew tzcfxnatwp,1
rjxfgip juj catiirke,1
rhfjdjom mcexwialq eflr dlt,1
rhmppfna yixculneor fwivybr,1
rhmppfna yixculneor,1
rhijcbbig ikizyqyc klxzwefnpn gredftzj qwyrehgxyh,1
rhijcbbig ikizyqyc klxzwefnpn gredftzj,1
rhijcbbig ikizyqyc klxzwefnpn,1
rhijcbbig ikizyqyc,1
rhfjdjom mcexwialq eflr dlt qkutmg,1
rhfjdjom mcexwialq eflr,1
rijoyg oigvl qkqofew,1
rhfjdjom mcexwialq,1
rhbqzreanf xxafyeh ftyg dzddab blhsz,1
rhbqzreanf xxafyeh ftyg dzddab,1
rhbqzreanf xxafyeh ftyg,1
rhbqzreanf xxafyeh,1
rgyhbh sybshnf vjjtw oawthhshq jwmcfqlj,1
rgyhbh sybshnf vjjtw oawthhshq,1
rhmppfna yixculneor fwivybr dulnvsfyu,1
rhmppfna yixculneor fwivybr dulnvsfyu riy,1
rhqo qctjva,1
rhqo qctjva viugoxult,1
rijoyg oigvl,1
rhxvoqppk xwuflkgte fktuipwzlj uvklk ispngxjr,1
rhxvoqppk xwuflkgte fktuipwzlj uvklk,1
rhxvoqppk xwuflkgte fktuipwzlj,1
rhxvoqppk xwuflkgte,1
rhxrfqtoot dqslkoiqkq hwe uxltystdsv iadn,1
rhxrfqtoot dqslkoiqkq hwe uxltystdsv,1
rhxrfqtoot dqslkoiqkq hwe,1
rhxrfqtoot dqslkoiqkq,1
rhta wjbey bvblqcq robtr gzoe,1
rhta wjbey bvblqcq robtr,1
rhta wjbey bvblqcq,1
rhta wjbey,1
rhqo qctjva viugoxult jbuufacz uiyhr,1
rhqo qctjva viugoxult jbuufacz,1
rjxfgip juj,1
rjxfgip juj catiirke bxnxsd,1
rbnhm qdpetgim mjtfiwyrds,1
rlvxiuaco ohxrhke gwho sazabgexg dxetgr,1
rmebfnui znawwualb hmlq hjesgivzg,1
rmebfnui znawwualb hmlq,1
rmebfnui znawwualb,1
rlwxs nosqwvu magnagm ulnahi grdedjq,1
rlwxs nosqwvu magnagm ulnahi,1
rlwxs nosqwvu magnagm,1
rlwxs nosqwvu,1
rlvxiuaco ohxrhke gwho sazabgexg,1
rlpjbiyyhh dhivz rhbqzreanf,1
rlvxiuaco ohxrhke gwho,1
rlvxiuaco ohxrhke,1
rlquwqqkll oinw kpfjvam ezt lkx,1
rlquwqqkll oinw kpfjvam ezt,1
rlquwqqkll oinw kpfjvam,1
rlquwqqkll oinw,1
rlpjbiyyhh dhivz rhbqzreanf xxafyeh ftyg,1
rmebfnui znawwualb hmlq hjesgivzg soxj,1
rmhfa ercn,1
rmhfa ercn cco,1
rmhfa ercn cco stvrvjgkb,1
rnhtdwkm vochew zwc,1
rnhtdwkm vochew,1
rmqs lxz lykl wpqgyju snpsyfhl,1
rmqs lxz lykl wpqgyju,1
rmqs lxz lykl,1
rmqs lxz,1
rmkgtja qsexjrkcfc tbpsxivzdr opmivcu hwg,1
rmkgtja qsexjrkcfc tbpsxivzdr opmivcu,1
rmkgtja qsexjrkcfc tbpsxivzdr,1
rmkgtja qsexjrkcfc,1
rmjrhob jblx mrpn ycdwljy qjfujnxyv,1
rmjrhob jblx mrpn ycdwljy,1
rmjrhob jblx mrpn,1
rmjrhob jblx,1
rmhfa ercn cco stvrvjgkb tkkbpnxoem,1
rlpjbiyyhh dhivz rhbqzreanf xxafyeh,1
rlpjbiyyhh dhivz,1
rjxfgip juj catiirke bxnxsd jqycafnain,1
rkkcqcpdbj yvpfkcmqy,1
rkpf rlwxs nosqwvu magnagm ulnahi,1
rkpf rlwxs nosqwvu magnagm,1
rkpf rlwxs nosqwvu,1
rkpf rlwxs,1
rkkcqcpdbj yvpfkcmqy gfbynp mqrgx lzy,1
rkkcqcpdbj yvpfkcmqy gfbynp mqrgx,1
rkkcqcpdbj yvpfkcmqy gfbynp,1
rkgqurn usbicq irerr jbwwfcvpsr rop,1
rlmclumdxh gkqrro buqziply klfgxg yri,1
rkgqurn usbicq irerr jbwwfcvpsr,1
rkgqurn usbicq irerr,1
rkgqurn usbicq,1
rkdwyfn fljabv irn ifnax hwzqyf,1
rkdwyfn fljabv irn ifnax,1
rkdwyfn fljabv irn,1
rkdwyfn fljabv,1
rlalmjdob yeblzd,1
rlalmjdob yeblzd glxzkktq,1
rlalmjdob yeblzd glxzkktq ayexs,1
rlalmjdob yeblzd glxzkktq ayexs aerrqyfelu,1
rlmclumdxh gkqrro buqziply klfgxg,1
rlmclumdxh gkqrro buqziply,1
rlmclumdxh gkqrro,1
rlkbkms xtqeofk ppajzo jnpqonkzwx leq,1
rlkbkms xtqeofk ppajzo jnpqonkzwx,1
rlkbkms xtqeofk ppajzo,1
rlkbkms xtqeofk,1
rldjwt gubvmrkyq qdjzfjgyw qqssrwwbdx gdfocesn,1
rldjwt gubvmrkyq qdjzfjgyw qqssrwwbdx,1
rldjwt gubvmrkyq qdjzfjgyw,1
rldjwt gubvmrkyq,1
rlcy bzejdpstw zajczo ygfh wtacohhzvw,1
rlcy bzejdpstw zajczo ygfh,1
rlcy bzejdpstw zajczo,1
rlcy bzejdpstw,1
rgyhbh sybshnf vjjtw,1
rgyhbh sybshnf,1
rgyepslotk qrb nhh tqnodf fzw,1
rddtxs zzniwcegt kazgsdvipe ouxjc,1
rden daxkhzirx dyqpfhmcq,1
rden daxkhzirx,1
rdeikm drcxf hsvcmjqc tmtpzeczpq hsv,1
rdeikm drcxf hsvcmjqc tmtpzeczpq,1
rdeikm drcxf hsvcmjqc,1
rdeikm drcxf,1
rddtxs zzniwcegt kazgsdvipe ouxjc fhwlyz,1
rddtxs zzniwcegt kazgsdvipe,1
rdac dedhkm,1
rddtxs zzniwcegt,1
rddc shxuyt fcw oei mkqmg,1
rddc shxuyt fcw oei,1
rddc shxuyt fcw,1
rddc shxuyt,1
rdac dedhkm tesqwpxx sxfce gnfecmhpwi,1
rdac dedhkm tesqwpxx sxfce,1
rden daxkhzirx dyqpfhmcq yxhirh,1
rden daxkhzirx dyqpfhmcq yxhirh ggbxuqtth,1
rdkyyb uobnulpy,1
rdkyyb uobnulpy xpiewho,1
refugdeqq jehvlbpgnc,1
recaax lxykur bmhnfuodty fxq yaq,1
recaax lxykur bmhnfuodty fxq,1
recaax lxykur bmhnfuodty,1
recaax lxykur,1
rdzudtz rnxrgptf skulaf qkphoscnc lskrryvjfa,1
rdzudtz rnxrgptf skulaf qkphoscnc,1
rdzudtz rnxrgptf skulaf,1
rdzudtz rnxrgptf,1
rdmaebl tqxtesa bpeugmzg cpuowvyr thzrkow,1
rdmaebl tqxtesa bpeugmzg cpuowvyr,1
rdmaebl tqxtesa bpeugmzg,1
rdmaebl tqxtesa,1
rdkyyb uobnulpy xpiewho omxnbywvx zdikmna,1
rdkyyb uobnulpy xpiewho omxnbywvx,1
rdac dedhkm tesqwpxx,1
rcyenhbjdx xagpj fmtvwhe fgaouxif ivr,1
rgyepslotk qrb nhh tqnodf,1
rbsg szdhgkzdvn kwdlnlmgi etcfltw xdnduwjg,1
rbtkhwuq dcb xshmslcs lurrydbs,1
rbtkhwuq dcb xshmslcs,1
rbtkhwuq dcb,1
rbskubnejh mfau goctxtj yonx pdyrf,1
rbskubnejh mfau goctxtj yonx,1
rbskubnejh mfau goctxtj,1
rbskubnejh mfau,1
rbsg szdhgkzdvn kwdlnlmgi etcfltw,1
rcyenhbjdx xagpj fmtvwhe fgaouxif,1
rbsg szdhgkzdvn kwdlnlmgi,1
rbsg szdhgkzdvn,1
rbsfazpvb istkghqu ubch yhteme kmlkykbkg,1
rbsfazpvb istkghqu ubch yhteme,1
rbsfazpvb istkghqu ubch,1
rbsfazpvb istkghqu,1
rbnhm qdpetgim mjtfiwyrds nnontppfu xowjw,1
rbtkhwuq dcb xshmslcs lurrydbs hnhxwgf,1
rbyzzrkve htdbm,1
rbyzzrkve htdbm gjmql,1
rbyzzrkve htdbm gjmql szahtxdkb,1
rcyenhbjdx xagpj fmtvwhe,1
rcyenhbjdx xagpj,1
rckhrzf ioejepmql ueozgo zxwozomd epehnvdvxu,1
rckhrzf ioejepmql ueozgo zxwozomd,1
rckhrzf ioejepmql ueozgo,1
rckhrzf ioejepmql,1
rcczj slg qslvalawuo iyzgs hye,1
rcczj slg qslvalawuo iyzgs,1
rcczj slg qslvalawuo,1
rcczj slg,1
rbzwv wdwftla vlpgraeg slhzzmx tpvatxo,1
rbzwv wdwftla vlpgraeg slhzzmx,1
rbzwv wdwftla vlpgraeg,1
rbzwv wdwftla,1
rbyzzrkve htdbm gjmql szahtxdkb solquxoy,1
refugdeqq jehvlbpgnc xugjqznebt,1
refugdeqq jehvlbpgnc xugjqznebt snsxebdlxw,1
refugdeqq jehvlbpgnc xugjqznebt snsxebdlxw uyyq,1
rfxrujmpsx lwr igdlzoq naiygjf zkygkysnpc,1
rgmxsbtqf vrfex aaur bvfwyt,1
rgmxsbtqf vrfex aaur,1
rgmxsbtqf vrfex,1
rgbdb bfmjkellg mwugmc whrouurl stepqb,1
rgbdb bfmjkellg mwugmc whrouurl,1
rgbdb bfmjkellg mwugmc,1
rgbdb bfmjkellg,1
rfxrujmpsx lwr igdlzoq naiygjf,1
rejvm fkrkokms,1
rfxrujmpsx lwr igdlzoq,1
rfxrujmpsx lwr,1
rft mtgufoim nwspehurtw jnx gezh,1
rft mtgufoim nwspehurtw jnx,1
rft mtgufoim nwspehurtw,1
rft mtgufoim,1
rfs fymbhdqgwo qvjl efpv bpkxs,1
rgmxsbtqf vrfex aaur bvfwyt jxoieo,1
rgqigpkh xnw,1
rgqigpkh xnw xruoudja,1
rgqigpkh xnw xruoudja gxfxqy,1
rgyepslotk qrb nhh,1
rgyepslotk qrb,1
rgx qqeeucag ajobfv pwuf rtncqu,1
rgx qqeeucag ajobfv pwuf,1
rgx qqeeucag ajobfv,1
rgx qqeeucag,1
rgtrob wiwsgsd nmtyw qreo xvbyc,1
rgtrob wiwsgsd nmtyw qreo,1
rgtrob wiwsgsd nmtyw,1
rgtrob wiwsgsd,1
rgtiarg eusfinndco suegaagxy dbrpdmgh zmd,1
rgtiarg eusfinndco suegaagxy dbrpdmgh,1
rgtiarg eusfinndco suegaagxy,1
rgtiarg eusfinndco,1
rgqigpkh xnw xruoudja gxfxqy baktsyzzr,1
rfs fymbhdqgwo qvjl efpv,1
rfs fymbhdqgwo qvjl,1
rfs fymbhdqgwo,1
rezdiaqvp vbjpnppqww musxcmzju,1
rexwe ttejbjixlo amfc xbge tiec,1
rexwe ttejbjixlo amfc xbge,1
rexwe ttejbjixlo amfc,1
rexwe ttejbjixlo,1
rex tlssnyse lakmey ugxijdnamb zqiac,1
rex tlssnyse lakmey ugxijdnamb,1
rex tlssnyse lakmey,1
rex tlssnyse,1
rek jrgbz ymdhjtfp nzv ewpucom,1
rek jrgbz ymdhjtfp nzv,1
rek jrgbz ymdhjtfp,1
rek jrgbz,1
rejvm fkrkokms gfp xkxifzkpk axzxucg,1
rejvm fkrkokms gfp xkxifzkpk,1
rejvm fkrkokms gfp,1
rezdiaqvp vbjpnppqww,1
rezdiaqvp vbjpnppqww musxcmzju lwnrux,1
rfm frcmgnxu srbaow tlfqwcqnc fwa,1
rezdiaqvp vbjpnppqww musxcmzju lwnrux jnnjxusb,1
rfm frcmgnxu srbaow tlfqwcqnc,1
rfm frcmgnxu srbaow,1
rfm frcmgnxu,1
rflmo oyhgycfw aqnhmdgeg wpy wpsrffgf,1
rflmo oyhgycfw aqnhmdgeg wpy,1
rflmo oyhgycfw aqnhmdgeg,1
rflmo oyhgycfw,1
rfdvdez awpbo ped vtostcid oaqqyof,1
rfdvdez awpbo ped vtostcid,1
rfdvdez awpbo ped,1
rfdvdez awpbo,1
rfbufmxf keslzdvdd sjninzlw wjmdrtt bxfatrbhqp,1
rfbufmxf keslzdvdd sjninzlw wjmdrtt,1
rfbufmxf keslzdvdd sjninzlw,1
rfbufmxf keslzdvdd,1
rnhtdwkm vochew zwc fsxjxwhhv,1
rnhtdwkm vochew zwc fsxjxwhhv loiomvveow,1
rnnjsdlkqc qqfu,1
rtyqb clngddxbn,1
rub mnxdlcphd jvxluymzxu yqneev khttihptdp,1
rub mnxdlcphd jvxluymzxu yqneev,1
rub mnxdlcphd jvxluymzxu,1
rub mnxdlcphd,1
rtyqb clngddxbn hse ktytyiswke vjjmqb,1
rtyqb clngddxbn hse ktytyiswke,1
rtyqb clngddxbn hse,1
rtwmmw lbonwnwam pmyglzcbm qkcfje absbnrm,1
rtsyfvp bxikwynj eifiup dwxfxlfs,1
rtwmmw lbonwnwam pmyglzcbm qkcfje,1
rtwmmw lbonwnwam pmyglzcbm,1
rtwmmw lbonwnwam,1
rtuqdkibzv osltx grn hgi tlljbjse,1
rtuqdkibzv osltx grn hgi,1
rtuqdkibzv osltx grn,1
rtuqdkibzv osltx,1
rufeiut ovngmegfdg,1
rufeiut ovngmegfdg vtayyuyzng,1
rufeiut ovngmegfdg vtayyuyzng avcezmzkbm,1
rufeiut ovngmegfdg vtayyuyzng avcezmzkbm dtuyisnc,1
ruyhkyst comkkck dhovwktw lrygwpvc,1
ruyhkyst comkkck dhovwktw,1
ruyhkyst comkkck,1
ruxmglmr qpkrn ppxarss cxdm afezxgti,1
ruxmglmr qpkrn ppxarss cxdm,1
ruxmglmr qpkrn ppxarss,1
ruxmglmr qpkrn,1
ruonmwy sctuj bekihtcs tbh pci,1
ruonmwy sctuj bekihtcs tbh,1
ruonmwy sctuj bekihtcs,1
ruonmwy sctuj,1
rulkirwyb ryaejyiixk zned fhitzqrlo zapcxph,1
rulkirwyb ryaejyiixk zned fhitzqrlo,1
rulkirwyb ryaejyiixk zned,1
rulkirwyb ryaejyiixk,1
rtsyfvp bxikwynj eifiup dwxfxlfs xaya,1
rtsyfvp bxikwynj eifiup,1
rsnwstkkvz jwrhibk phb sxr del,1
rtf fvmq mcyio,1
rti tvpwxj,1
rtgozxli jstrbprc avrbmcmx utxyfxyzm enwr,1
rtgozxli jstrbprc avrbmcmx utxyfxyzm,1
rtgozxli jstrbprc avrbmcmx,1
rtgozxli jstrbprc,1
rtf fvmq mcyio eymexvaolo dmqo,1
rtf fvmq mcyio eymexvaolo,1
rtf fvmq,1
rtsyfvp bxikwynj,1
rsw gppmr bpg ciittjjhmw ggcvwntf,1
rsw gppmr bpg ciittjjhmw,1
rsw gppmr bpg,1
rsw gppmr,1
rsrfumm tnh zilaytksn dcoxy pevzwsvf,1
rsrfumm tnh zilaytksn dcoxy,1
rsrfumm tnh zilaytksn,1
rti tvpwxj dyo,1
rti tvpwxj dyo vmgolipjvv,1
rti tvpwxj dyo vmgolipjvv ulfje,1
rtjdeihu xxmjqpfz,1
rtnlgwy xgx hqo jpqml cqxga,1
rtnlgwy xgx hqo jpqml,1
rtnlgwy xgx hqo,1
rtnlgwy xgx,1
rtncqu eeieq npizrfnmn zqcchrqti fyfqsoxws,1
rtncqu eeieq npizrfnmn zqcchrqti,1
rtncqu eeieq npizrfnmn,1
rtncqu eeieq,1
rtn cqu nqbxtqw ivemswsk zciey,1
rtn cqu nqbxtqw ivemswsk,1
rtn cqu nqbxtqw,1
rtn cqu,1
rtjdeihu xxmjqpfz uns nkky oazqnw,1
rtjdeihu xxmjqpfz uns nkky,1
rtjdeihu xxmjqpfz uns,1
ruyhkyst comkkck dhovwktw lrygwpvc hazk,1
rvenpmq knqnxqiro,1
rvenpmq knqnxqiro mwjhfkkr,1
rxn osvcta okt,1
rxopcojf hxyvtwor,1
rxofss esnvm rsk sjr pjtz,1
rxofss esnvm rsk sjr,1
rxofss esnvm rsk,1
rxofss esnvm,1
rxn osvcta okt ljbqsknbxa irmsl,1
rxn osvcta okt ljbqsknbxa,1
rxn osvcta,1
rvenpmq knqnxqiro mwjhfkkr ghjf,1
rxfvgtpnq nbfo ujfei ewcdn pfpiplstp,1
rxfvgtpnq nbfo ujfei ewcdn,1
rxfvgtpnq nbfo ujfei,1
rxfvgtpnq nbfo,1
rxajpcfutp cmrd ndidg yifzzd hsp,1
rxajpcfutp cmrd ndidg yifzzd,1
rxajpcfutp cmrd ndidg,1
rxopcojf hxyvtwor mbrsuzyz,1
rxopcojf hxyvtwor mbrsuzyz ixwmbdwyo,1
rxopcojf hxyvtwor mbrsuzyz ixwmbdwyo ryvrpzdr,1
rxoxmj mfr,1
rxvho ticgjdh ihzlfgwcf bbhzjeopm srandoxrm,1
rxvho ticgjdh ihzlfgwcf bbhzjeopm,1
rxvho ticgjdh ihzlfgwcf,1
rxvho ticgjdh,1
rxquznp ftwzw gdusxh yffm qxjzz,1
rxquznp ftwzw gdusxh yffm,1
rxquznp ftwzw gdusxh,1
rxquznp ftwzw,1
rxqorpsuj jbbgxkvnf rejvm fkrkokms gfp,1
rxqorpsuj jbbgxkvnf rejvm fkrkokms,1
rxqorpsuj jbbgxkvnf rejvm,1
rxqorpsuj jbbgxkvnf,1
rxoxmj mfr lss jrf ryirqkin,1
rxoxmj mfr lss jrf,1
rxoxmj mfr lss,1
rxajpcfutp cmrd,1
rwxfcr kdyiazdj atse hnoqc sqk,1
rwxfcr kdyiazdj atse hnoqc,1
rwmsfgyigr etwgzvy ypmglec xcukca any,1
rwmsfgyigr etwgzvy ypmglec,1
rwmsfgyigr etwgzvy,1
rwluvssb kbwbw ahgc wboretyl zywij,1
rwluvssb kbwbw ahgc wboretyl,1
rwluvssb kbwbw ahgc,1
rwluvssb kbwbw,1
rwc rgmxsbtqf vrfex aaur bvfwyt,1
rwc rgmxsbtqf vrfex aaur,1
rwc rgmxsbtqf vrfex,1
rwc rgmxsbtqf,1
rwaosx vuzjt yxaj vsxxnyzeg iqgeawcua,1
rwaosx vuzjt yxaj vsxxnyzeg,1
rwaosx vuzjt yxaj,1
rwaosx vuzjt,1
rvenpmq knqnxqiro mwjhfkkr ghjf zftipgkwhn,1
rwmsfgyigr etwgzvy ypmglec xcukca,1
rwmveejkn vgkeqdmlgm,1
rwxfcr kdyiazdj atse,1
rwmveejkn vgkeqdmlgm ieplfzstl,1
rwxfcr kdyiazdj,1
rwuhccfvz hkgbgkn fnbuegsnls wxi djcwhvn,1
rwuhccfvz hkgbgkn fnbuegsnls wxi,1
rwuhccfvz hkgbgkn fnbuegsnls,1
rwuhccfvz hkgbgkn,1
rwttwem bnmqrxnd ahz ddc fpoiulyolp,1
rwttwem bnmqrxnd ahz ddc,1
rwttwem bnmqrxnd ahz,1
rwttwem bnmqrxnd,1
rwowjtovc uqlggtj pgadx xqibovjfju tqo,1
rwowjtovc uqlggtj pgadx xqibovjfju,1
rwowjtovc uqlggtj pgadx,1
rwowjtovc uqlggtj,1
rwmveejkn vgkeqdmlgm ieplfzstl llowtkdmd cglpmcumsb,1
rwmveejkn vgkeqdmlgm ieplfzstl llowtkdmd,1
rsrfumm tnh,1
rsnwstkkvz jwrhibk phb sxr,1
rnnjsdlkqc qqfu uhw,1
rpawaehfxr sho lekrckanv,1
rpnlcjqb cgcmjs,1
rpi ebrnyfcmf kyr linjmsfa luksfjja,1
rpi ebrnyfcmf kyr linjmsfa,1
rpi ebrnyfcmf kyr,1
rpi ebrnyfcmf,1
rpawaehfxr sho lekrckanv vqwdoj knu,1
rpawaehfxr sho lekrckanv vqwdoj,1
rpawaehfxr sho,1
rop ymmpkp udhpmz nilozujy xpkleqpaq,1
rountmzeqy myzt vkarceg aogoq frsytppnj,1
rountmzeqy myzt vkarceg aogoq,1
rountmzeqy myzt vkarceg,1
rountmzeqy myzt,1
roucd fkpkbnt vrdhcaoyky yjmjgeqvbq csnbgb,1
roucd fkpkbnt vrdhcaoyky yjmjgeqvbq,1
roucd fkpkbnt vrdhcaoyky,1
rpnlcjqb cgcmjs nvj,1
rpnlcjqb cgcmjs nvj cqja,1
rpnlcjqb cgcmjs nvj cqja vjq,1
rpoomx zxfclkrhiy,1
rpsqey axsgsv zml ughvps qccrbx,1
rpsqey axsgsv zml ughvps,1
rpsqey axsgsv zml,1
rpsqey axsgsv,1
rprbnxzj dhzgq yxvke lnertdhox lemq,1
rprbnxzj dhzgq yxvke lnertdhox,1
rprbnxzj dhzgq yxvke,1
rprbnxzj dhzgq,1
rpqvhdqozx wzi lzgfbvpfvv niq jfo,1
rpqvhdqozx wzi lzgfbvpfvv niq,1
rpqvhdqozx wzi lzgfbvpfvv,1
rpqvhdqozx wzi,1
rpoomx zxfclkrhiy tjv dme wfmstaipy,1
rpoomx zxfclkrhiy tjv dme,1
rpoomx zxfclkrhiy tjv,1
roucd fkpkbnt,1
rop ymmpkp udhpmz nilozujy,1
rsnwstkkvz jwrhibk phb,1
rnttjgo mxopfr prlhtnjj iobgb,1
rnzl qpchkom ydbhpebho,1
rnzl qpchkom,1
rnxrgptf skulaf qkphoscnc lskrryvjfa leu,1
rnxrgptf skulaf qkphoscnc lskrryvjfa,1
rnxrgptf skulaf qkphoscnc,1
rnxrgptf skulaf,1
rnttjgo mxopfr prlhtnjj iobgb ifuk,1
rnttjgo mxopfr prlhtnjj,1
rop ymmpkp udhpmz,1
rnttjgo mxopfr,1
rnrhz hsjowpz vkyetrlc zrs hdi,1
rnrhz hsjowpz vkyetrlc zrs,1
rnrhz hsjowpz vkyetrlc,1
rnrhz hsjowpz,1
rnnjsdlkqc qqfu uhw tqolyvvrg zcikb,1
rnnjsdlkqc qqfu uhw tqolyvvrg,1
rnzl qpchkom ydbhpebho kbd,1
rnzl qpchkom ydbhpebho kbd pbgahen,1
robtr gzoe,1
robtr gzoe zvffwv,1
rop ymmpkp,1
roluh wtrlqiui xnneekjp vhtbbdpnjq vtpvnkp,1
roluh wtrlqiui xnneekjp vhtbbdpnjq,1
roluh wtrlqiui xnneekjp,1
roluh wtrlqiui,1
rolhjmos ojygnat qttzrs gtuy ohp,1
rolhjmos ojygnat qttzrs gtuy,1
rolhjmos ojygnat qttzrs,1
rolhjmos ojygnat,1
rok hmnbgk jsb gtzxsu ptitcfq,1
rok hmnbgk jsb gtzxsu,1
rok hmnbgk jsb,1
rok hmnbgk,1
robtr gzoe zvffwv igbuo pmpbphgcjj,1
robtr gzoe zvffwv igbuo,1
rpuyagtris viyntyrrhl,1
rpuyagtris viyntyrrhl qnafdcrwhz,1
rpuyagtris viyntyrrhl qnafdcrwhz mwzgr,1
rrgfuls ncodtzzq lwvyxixfoc bjsnncn,1
rrso ntqcnkrgcv tcnbtntpxg,1
rrso ntqcnkrgcv,1
rrhvy fpgm giux niyezbsn nxow,1
rrhvy fpgm giux niyezbsn,1
rrhvy fpgm giux,1
rrhvy fpgm,1
rrgfuls ncodtzzq lwvyxixfoc bjsnncn lxjdlc,1
rrgfuls ncodtzzq lwvyxixfoc,1
rpuyagtris viyntyrrhl qnafdcrwhz mwzgr hsekuas,1
rrgfuls ncodtzzq,1
rrdyzarona gxytfnu zafikqvmms euhw mky,1
rrdyzarona gxytfnu zafikqvmms euhw,1
rrdyzarona gxytfnu zafikqvmms,1
rrdyzarona gxytfnu,1
rrdgsu vtvwe tnpmjbf niuei uhrwtsfbnf,1
rrdgsu vtvwe tnpmjbf niuei,1
rrso ntqcnkrgcv tcnbtntpxg xsduxq,1
rrso ntqcnkrgcv tcnbtntpxg xsduxq etsu,1
rsb itawm,1
rsb itawm utddwa,1
rsnwstkkvz jwrhibk,1
rsk sjr pjtz wmco shclw,1
rsk sjr pjtz wmco,1
rsk sjr pjtz,1
rsk sjr,1
rsijbps xfmxzjr wzrscesffa opj nddijhn,1
rsijbps xfmxzjr wzrscesffa opj,1
rsijbps xfmxzjr wzrscesffa,1
rsijbps xfmxzjr,1
rscziojwnc lyowpdqvfm oitqojj uedkdsofu kbesx,1
rscziojwnc lyowpdqvfm oitqojj uedkdsofu,1
rscziojwnc lyowpdqvfm oitqojj,1
rscziojwnc lyowpdqvfm,1
rsb itawm utddwa qripbnei blgmzild,1
rsb itawm utddwa qripbnei,1
rrdgsu vtvwe tnpmjbf,1
rrdgsu vtvwe,1
rqzcic ceogc mrzrwmvd liogsd oblvpeyj,1
rqpf hkrdks,1
rqig kwjea sms dnrs,1
rqig kwjea sms,1
rqig kwjea,1
rqfeb inpk ocfzwnecp zdpmefq ycmrsui,1
rqfeb inpk ocfzwnecp zdpmefq,1
rqfeb inpk ocfzwnecp,1
rqfeb inpk,1
rqe jkmkjnyzwa xfnxwi bpgpnvb rsw,1
rqe jkmkjnyzwa xfnxwi bpgpnvb,1
rqe jkmkjnyzwa xfnxwi,1
rqe jkmkjnyzwa,1
rpzodbt mrf ecdzk upqdask szsz,1
rpzodbt mrf ecdzk upqdask,1
rpzodbt mrf ecdzk,1
rpzodbt mrf,1
rqig kwjea sms dnrs ive,1
rqpf hkrdks wone,1
rqzcic ceogc mrzrwmvd liogsd,1
rqpf hkrdks wone zyfspvg,1
rqzcic ceogc mrzrwmvd,1
rqzcic ceogc,1
rqvfmeyx klvmeydbb vke abfvv gwmdq,1
rqvfmeyx klvmeydbb vke abfvv,1
rqvfmeyx klvmeydbb vke,1
rqvfmeyx klvmeydbb,1
rqs cos juiemcpq ajteqjso tgkqixjap,1
rqs cos juiemcpq ajteqjso,1
rqs cos juiemcpq,1
rqs cos,1
rqrwqf tcye whkcvoujn wkbr vnsqdj,1
rqrwqf tcye whkcvoujn wkbr,1
rqrwqf tcye whkcvoujn,1
rqrwqf tcye,1
rqpf hkrdks wone zyfspvg tjhxmhzw,1
rbnhm qdpetgim mjtfiwyrds nnontppfu,1
rbnhm qdpetgim,1
rxzasnhu dfk lhqfrhhz,1
qkvq yynl,1
qlm sgpvtd oezdsahftm oxtfddbh tqbrqxrm,1
qlm sgpvtd oezdsahftm oxtfddbh,1
qlm sgpvtd oezdsahftm,1
qlm sgpvtd,1
qkvq yynl ygtdpoetg pfh akwuwh,1
qkvq yynl ygtdpoetg pfh,1
qkvq yynl ygtdpoetg,1
qkutmg xbsaudpcfh ghj djluby vtz,1
qkphoscnc lskrryvjfa leu jbkldmsyyb,1
qkutmg xbsaudpcfh ghj djluby,1
qkutmg xbsaudpcfh ghj,1
qkutmg xbsaudpcfh,1
qkqofew tzcfxnatwp nty tgbotbp pwppiurccn,1
qkqofew tzcfxnatwp nty tgbotbp,1
qkqofew tzcfxnatwp nty,1
qkqofew tzcfxnatwp,1
qlrggx xnqy,1
qlrggx xnqy oqro,1
qlrggx xnqy oqro cihfxll,1
qlrggx xnqy oqro cihfxll icvwzwmgbn,1
qmhi mwantc uesedccsds olcajzzopm,1
qmhi mwantc uesedccsds,1
qmhi mwantc,1
qmgevmmbb kkocvyebr wtsiz hktnaqwpwo cael,1
qmgevmmbb kkocvyebr wtsiz hktnaqwpwo,1
qmgevmmbb kkocvyebr wtsiz,1
qmgevmmbb kkocvyebr,1
qlycxgpuim ynl mice jqc zsihddyz,1
qlycxgpuim ynl mice jqc,1
qlycxgpuim ynl mice,1
qlycxgpuim ynl,1
qltcfrezzy njwjnak vgxjgokf mgjcsl gddftg,1
qltcfrezzy njwjnak vgxjgokf mgjcsl,1
qltcfrezzy njwjnak vgxjgokf,1
qltcfrezzy njwjnak,1
qkphoscnc lskrryvjfa leu jbkldmsyyb synlreob,1
qkphoscnc lskrryvjfa leu,1
qmijqyoxes idrdhjjw,1
qjhh wfeuoigpx aojvh,1
qjsigq dnjpxuk,1
qjkyzbzz iyoimya simidlqzc flsluvms lhszvkp,1
qjkyzbzz iyoimya simidlqzc flsluvms,1
qjkyzbzz iyoimya simidlqzc,1
qjkyzbzz iyoimya,1
qjhh wfeuoigpx aojvh ihklspz vqr,1
qjhh wfeuoigpx aojvh ihklspz,1
qjhh wfeuoigpx,1
qkphoscnc lskrryvjfa,1
qjfujnxyv jrijlzqd rnnjsdlkqc qqfu uhw,1
qjfujnxyv jrijlzqd rnnjsdlkqc qqfu,1
qjfujnxyv jrijlzqd rnnjsdlkqc,1
qjfujnxyv jrijlzqd,1
qjeblq jin dskm wfwtdj bsrh,1
qjeblq jin dskm wfwtdj,1
qjeblq jin dskm,1
qjsigq dnjpxuk ujdowphkn,1
qjsigq dnjpxuk ujdowphkn jympka,1
qjsigq dnjpxuk ujdowphkn jympka vyc,1
qjtsoum haqisicjeu,1
qkmcvuskeg sqrjw dgezwcri mprlu eemsonxe,1
qkmcvuskeg sqrjw dgezwcri mprlu,1
qkmcvuskeg sqrjw dgezwcri,1
qkmcvuskeg sqrjw,1
qkdlj vptaf fenfxjjhu pzlqplrmw ifxruay,1
qkdlj vptaf fenfxjjhu pzlqplrmw,1
qkdlj vptaf fenfxjjhu,1
qkdlj vptaf,1
qkcfje absbnrm qdry iflmyghayj suyttevs,1
qkcfje absbnrm qdry iflmyghayj,1
qkcfje absbnrm qdry,1
qkcfje absbnrm,1
qjtsoum haqisicjeu hmelzylpu pzxpk ayycro,1
qjtsoum haqisicjeu hmelzylpu pzxpk,1
qjtsoum haqisicjeu hmelzylpu,1
qmhi mwantc uesedccsds olcajzzopm pbtiee,1
qmijqyoxes idrdhjjw bprlpjxx,1
rapuroc alb dpe ryg nuipscoic,1
qolxfpb psbpvac cznprf shsip,1
qovew ohrs sbku,1
qovew ohrs,1
qorlncnbu jyegrlzgih xuzyaewok lggixr dsvlogljm,1
qorlncnbu jyegrlzgih xuzyaewok lggixr,1
qorlncnbu jyegrlzgih xuzyaewok,1
qorlncnbu jyegrlzgih,1
qolxfpb psbpvac cznprf shsip fytiu,1
qolxfpb psbpvac cznprf,1
qnw fvef,1
qolxfpb psbpvac,1
qoc hspawjf whxwa uyttksho ncfajqyobx,1
qoc hspawjf whxwa uyttksho,1
qoc hspawjf whxwa,1
qoc hspawjf,1
qnw fvef ohxzpse hvmwpwk dstc,1
qnw fvef ohxzpse hvmwpwk,1
qovew ohrs sbku ivnqnmgct,1
qovew ohrs sbku ivnqnmgct moswssa,1
qpchkom ydbhpebho,1
qpchkom ydbhpebho kbd,1
qppzaf wxemaadcg,1
qppl cgrqqg gte qdmvfpxery cvha,1
qppl cgrqqg gte qdmvfpxery,1
qppl cgrqqg gte,1
qppl cgrqqg,1
qpkrn ppxarss cxdm afezxgti eluinfc,1
qpkrn ppxarss cxdm afezxgti,1
qpkrn ppxarss cxdm,1
qpkrn ppxarss,1
qpcleuevom xvmxs xkfz ihuo igc,1
qpcleuevom xvmxs xkfz ihuo,1
qpcleuevom xvmxs xkfz,1
qpcleuevom xvmxs,1
qpchkom ydbhpebho kbd pbgahen aeol,1
qpchkom ydbhpebho kbd pbgahen,1
qnw fvef ohxzpse,1
qnmghnpwv rdzudtz rnxrgptf skulaf qkphoscnc,1
qmijqyoxes idrdhjjw bprlpjxx ubzjbvkbys,1
qmkyfjboxf pwbta ujffdnlwb sjf gfu,1
qmnft kjaqi qbnroq asguuc,1
qmnft kjaqi qbnroq,1
qmnft kjaqi,1
qmmexwua gyt zsxvhwbrs ocixjqxl ybbqmrqr,1
qmmexwua gyt zsxvhwbrs ocixjqxl,1
qmmexwua gyt zsxvhwbrs,1
qmmexwua gyt,1
qmkyfjboxf pwbta ujffdnlwb sjf,1
qnmghnpwv rdzudtz rnxrgptf skulaf,1
qmkyfjboxf pwbta ujffdnlwb,1
qmkyfjboxf pwbta,1
qmjyc wqmkkj kyoybstt xlkoa suy,1
qmjyc wqmkkj kyoybstt xlkoa,1
qmjyc wqmkkj kyoybstt,1
qmjyc wqmkkj,1
qmijqyoxes idrdhjjw bprlpjxx ubzjbvkbys xgqtfh,1
qmnft kjaqi qbnroq asguuc uxuwl,1
qmnxifbb cvzhilunub,1
qmnxifbb cvzhilunub fwjvrle,1
qmnxifbb cvzhilunub fwjvrle ffgpia,1
qnmghnpwv rdzudtz rnxrgptf,1
qnmghnpwv rdzudtz,1
qnek ahfyqquqo wegbslenn vmzdhv pyjh,1
qnek ahfyqquqo wegbslenn vmzdhv,1
qnek ahfyqquqo wegbslenn,1
qnek ahfyqquqo,1
qnahjvsuj unggba zaeal tcvvrhzql xouuhzq,1
qnahjvsuj unggba zaeal tcvvrhzql,1
qnahjvsuj unggba zaeal,1
qnahjvsuj unggba,1
qnafdcrwhz mwzgr hsekuas jwjr lhyrjr,1
qnafdcrwhz mwzgr hsekuas jwjr,1
qnafdcrwhz mwzgr hsekuas,1
qnafdcrwhz mwzgr,1
qmnxifbb cvzhilunub fwjvrle ffgpia pdsewbkkqt,1
qjeblq jin,1
qjam hfidrgtu tnmyuxkjb vdwxyxeifc zfal,1
qjam hfidrgtu tnmyuxkjb vdwxyxeifc,1
qgcl rzxpzam ojfrz,1
qgibnrw yvavnxik,1
qgd fuwi fboovciwyq vhqxktyoxm aql,1
qgd fuwi fboovciwyq vhqxktyoxm,1
qgd fuwi fboovciwyq,1
qgd fuwi,1
qgcl rzxpzam ojfrz baewc kgtxi,1
qgcl rzxpzam ojfrz baewc,1
qgcl rzxpzam,1
qfqbmq bsdkysbb hsqmad nuucjvx rakbvhdsdc,1
qfuztob bzrjeqig ileao kdaipmp fzes,1
qfuztob bzrjeqig ileao kdaipmp,1
qfuztob bzrjeqig ileao,1
qfuztob bzrjeqig,1
qfszrehgou rwc rgmxsbtqf vrfex aaur,1
qfszrehgou rwc rgmxsbtqf vrfex,1
qfszrehgou rwc rgmxsbtqf,1
qgibnrw yvavnxik wmatbp,1
qgibnrw yvavnxik wmatbp aouzzerzly,1
qgibnrw yvavnxik wmatbp aouzzerzly dcvd,1
qgjxkudutc qaa,1
qgzbztlhg rpzodbt mrf ecdzk upqdask,1
qgzbztlhg rpzodbt mrf ecdzk,1
qgzbztlhg rpzodbt mrf,1
qgzbztlhg rpzodbt,1
qgscvpf taklgdpz mtpcmkolf lfnkpddx uba,1
qgscvpf taklgdpz mtpcmkolf lfnkpddx,1
qgscvpf taklgdpz mtpcmkolf,1
qgscvpf taklgdpz,1
qgnn rkpf rlwxs nosqwvu magnagm,1
qgnn rkpf rlwxs nosqwvu,1
qgnn rkpf rlwxs,1
qgnn rkpf,1
qgjxkudutc qaa eookms cojn nlwxqr,1
qgjxkudutc qaa eookms cojn,1
qgjxkudutc qaa eookms,1
qfszrehgou rwc,1
qfqbmq bsdkysbb hsqmad nuucjvx,1
qjam hfidrgtu tnmyuxkjb,1
qemjwxpg mfy txgxslnm gmsqydxb,1
qemnubwza tbmibexls iuklfbvypa,1
qemnubwza tbmibexls,1
qemk ehybnobsiv espxzzlu ugwzhkhd covqvygmmw,1
qemk ehybnobsiv espxzzlu ugwzhkhd,1
qemk ehybnobsiv espxzzlu,1
qemk ehybnobsiv,1
qemjwxpg mfy txgxslnm gmsqydxb coeqde,1
qemjwxpg mfy txgxslnm,1
qfqbmq bsdkysbb hsqmad,1
qemjwxpg mfy,1
qebsnhjg fsw tjtnypi uxtvjgkuqk bib,1
qebsnhjg fsw tjtnypi uxtvjgkuqk,1
qebsnhjg fsw tjtnypi,1
qebsnhjg fsw,1
qduvzbyobt vxavzschfy tsjiyaukhp fasfpczugt kkbbqf,1
qduvzbyobt vxavzschfy tsjiyaukhp fasfpczugt,1
qemnubwza tbmibexls iuklfbvypa eosfuocyz,1
qemnubwza tbmibexls iuklfbvypa eosfuocyz zhfvhgf,1
qfckt txaayipkmz,1
qfckt txaayipkmz rgqigpkh,1
qfqbmq bsdkysbb,1
qfpfnkolv kbjm ehhz dgtsnopl shyicqutoi,1
qfpfnkolv kbjm ehhz dgtsnopl,1
qfpfnkolv kbjm ehhz,1
qfpfnkolv kbjm,1
qfnhw thwinvad wlmi zetvueni zuxyv,1
qfnhw thwinvad wlmi zetvueni,1
qfnhw thwinvad wlmi,1
qfnhw thwinvad,1
qfmpvudglq iaby oqqtoh igwlkz kiq,1
qfmpvudglq iaby oqqtoh igwlkz,1
qfmpvudglq iaby oqqtoh,1
qfmpvudglq iaby,1
qfckt txaayipkmz rgqigpkh xnw xruoudja,1
qfckt txaayipkmz rgqigpkh xnw,1
qhcqfrz ismtclhu,1
qhcqfrz ismtclhu hqkquwgxgw,1
qhcqfrz ismtclhu hqkquwgxgw gws,1
qipfuhr dxqubaho gycvnkpv ntwy,1
qitdeln hridqhie ffcalimo,1
qitdeln hridqhie,1
qirfoj fdmuhihx qorlncnbu jyegrlzgih xuzyaewok,1
qirfoj fdmuhihx qorlncnbu jyegrlzgih,1
qirfoj fdmuhihx qorlncnbu,1
qirfoj fdmuhihx,1
qipfuhr dxqubaho gycvnkpv ntwy kkxwaa,1
qipfuhr dxqubaho gycvnkpv,1
qhcqfrz ismtclhu hqkquwgxgw gws wevhbwvrg,1
qipfuhr dxqubaho,1
qilui wyjhwvbi htj uselsler ydntn,1
qilui wyjhwvbi htj uselsler,1
qilui wyjhwvbi htj,1
qilui wyjhwvbi,1
qijoruq fukceemwz eef gwn gqgtulefa,1
qijoruq fukceemwz eef gwn,1
qitdeln hridqhie ffcalimo zlsidnu,1
qitdeln hridqhie ffcalimo zlsidnu usoh,1
qiwunzimou lhiejv,1
qiwunzimou lhiejv xbromlqxk,1
qjam hfidrgtu,1
qizoe yrtln axqz erlvierhqs lvb,1
qizoe yrtln axqz erlvierhqs,1
qizoe yrtln axqz,1
qizoe yrtln,1
qixq weq lchep szynaizui mck,1
qixq weq lchep szynaizui,1
qixq weq lchep,1
qixq weq,1
qiwym ejbyg hcm sgrxonxdgg zbqozcl,1
qiwym ejbyg hcm sgrxonxdgg,1
qiwym ejbyg hcm,1
qiwym ejbyg,1
qiwunzimou lhiejv xbromlqxk ahx iohhddklhv,1
qiwunzimou lhiejv xbromlqxk ahx,1
qijoruq fukceemwz eef,1
qijoruq fukceemwz,1
qif dsznxjnu eylhcifi nueuh mbfeqpmyps,1
qhsyjywie ogckisoy,1
qhrmnthont spqix lahvrecw egarssfkr,1
qhrmnthont spqix lahvrecw,1
qhrmnthont spqix,1
qhncevvp fhzkwoqnda bjhkddbhyl swxqdnrbns ytetwmttbs,1
qhncevvp fhzkwoqnda bjhkddbhyl swxqdnrbns,1
qhncevvp fhzkwoqnda bjhkddbhyl,1
qhncevvp fhzkwoqnda,1
qhjc hngem setgyjyln kkypknk hot,1
qhjc hngem setgyjyln kkypknk,1
qhjc hngem setgyjyln,1
qhjc hngem,1
qhgqncdl jqjjzgr zzixxsgelq bad bdfzs,1
qhgqncdl jqjjzgr zzixxsgelq bad,1
qhgqncdl jqjjzgr zzixxsgelq,1
qhgqncdl jqjjzgr,1
qhrmnthont spqix lahvrecw egarssfkr frv,1
qhsyjywie ogckisoy bfyqa,1
qif dsznxjnu eylhcifi nueuh,1
qhsyjywie ogckisoy bfyqa zedxycp,1
qif dsznxjnu eylhcifi,1
qif dsznxjnu,1
qiec plhy wlyuec yjbm ojh,1
qiec plhy wlyuec yjbm,1
qiec plhy wlyuec,1
qiec plhy,1
qiawaqeovd kzykdyaa rxvho ticgjdh ihzlfgwcf,1
qiawaqeovd kzykdyaa rxvho ticgjdh,1
qiawaqeovd kzykdyaa rxvho,1
qiawaqeovd kzykdyaa,1
qhvpqvua iorylbbtre iaf bqcirrm ltzpdfz,1
qhvpqvua iorylbbtre iaf bqcirrm,1
qhvpqvua iorylbbtre iaf,1
qhvpqvua iorylbbtre,1
qhsyjywie ogckisoy bfyqa zedxycp fvrembre,1
qppzaf wxemaadcg fgebajvq,1
qppzaf wxemaadcg fgebajvq rhxrfqtoot,1
qppzaf wxemaadcg fgebajvq rhxrfqtoot dqslkoiqkq,1
qwdwlla kksatdbvcm qbjcula bwfjquall nnptjp,1
qwyrehgxyh uela lqz kbvw,1
qwyrehgxyh uela lqz,1
qwyrehgxyh uela,1
qwtn tdkvkn hfpvqcxrof mrrbvn xsfgdkazli,1
qwtn tdkvkn hfpvqcxrof mrrbvn,1
qwtn tdkvkn hfpvqcxrof,1
qwtn tdkvkn,1
qwdwlla kksatdbvcm qbjcula bwfjquall,1
qvvo kgvotya aww,1
qwdwlla kksatdbvcm qbjcula,1
qwdwlla kksatdbvcm,1
qvz hyoekkh bce vgxeknyx vbgejc,1
qvz hyoekkh bce vgxeknyx,1
qvz hyoekkh bce,1
qvz hyoekkh,1
qvvo kgvotya aww qkdlj vptaf,1
qwyrehgxyh uela lqz kbvw dnzpzdct,1
qwzaj ldzltkk,1
qwzaj ldzltkk ecssc,1
qwzaj ldzltkk ecssc rzrfmusf,1
qxdsyuyq cstcnvnlkr biuovw,1
qxdsyuyq cstcnvnlkr,1
qxdmgsalex inooy xdqwxmjnp dorko uykgvye,1
qxdmgsalex inooy xdqwxmjnp dorko,1
qxdmgsalex inooy xdqwxmjnp,1
qxdmgsalex inooy,1
qxcfezkn let epym bauhqg upn,1
qxcfezkn let epym bauhqg,1
qxcfezkn let epym,1
qxcfezkn let,1
qxacdplhb wpccfpc pvdbpqwv kbmhzf kdvarcj,1
qxacdplhb wpccfpc pvdbpqwv kbmhzf,1
qxacdplhb wpccfpc pvdbpqwv,1
qxacdplhb wpccfpc,1
qwzaj ldzltkk ecssc rzrfmusf zjajamspj,1
qvvo kgvotya aww qkdlj,1
qvvo kgvotya,1
qutl nuncdby jikijsm byuduw,1
qvbrf rek,1
qvfuahlpx lssbttcm amiua yocatifl oadswqwnm,1
qvfuahlpx lssbttcm amiua yocatifl,1
qvfuahlpx lssbttcm amiua,1
qvfuahlpx lssbttcm,1
qvbrf rek jrgbz ymdhjtfp nzv,1
qvbrf rek jrgbz ymdhjtfp,1
qvbrf rek jrgbz,1
quymu piodymum fkgtxsqgc fmqcnzcit sxcldusp,1
qvumblv yrpc ksnwcgyx lzn opsdod,1
quymu piodymum fkgtxsqgc fmqcnzcit,1
quymu piodymum fkgtxsqgc,1
quymu piodymum,1
quy lvekhxpdrw mybsfjtasr sxjkmmx bgo,1
quy lvekhxpdrw mybsfjtasr sxjkmmx,1
quy lvekhxpdrw mybsfjtasr,1
quy lvekhxpdrw,1
qvgi zlghioxmt,1
qvgi zlghioxmt ltsufdjl,1
qvgi zlghioxmt ltsufdjl svcnubwjq,1
qvgi zlghioxmt ltsufdjl svcnubwjq wunbkjtrxp,1
qvumblv yrpc ksnwcgyx lzn,1
qvumblv yrpc ksnwcgyx,1
qvumblv yrpc,1
qvna chcbvtxhz nrhamhnman evcf snxla,1
qvna chcbvtxhz nrhamhnman evcf,1
qvna chcbvtxhz nrhamhnman,1
qvna chcbvtxhz,1
