Title,PublicationDate,Subjects,SourceURL,SourceDate
1,How to be an antiracist / Ibram X. Kendi.,[2019],https://media.defense.gov/2025/Apr/04/2003683009/-1/-1/0/250404-LIST%20OF%20REMOVED%20BOOKS%20FROM%20NIMITZ%20LIBRARY.PDF,2025-04-04
2,Uncomfortable conversations with a black man / Emmanuel Acho.,2020.,https://media.defense.gov/2025/Apr/04/2003683009/-1/-1/0/250404-LIST%20OF%20REMOVED%20BOOKS%20FROM%20NIMITZ%20LIBRARY.PDF,2025-04-04
3,Why didn't we riot? : a Black man in Trumpland / Issac J. Bailey.,[2020],https://media.defense.gov/2025/Apr/04/2003683009/-1/-1/0/250404-LIST%20OF%20REMOVED%20BOOKS%20FROM%20NIMITZ%20LIBRARY.PDF,2025-04-04
4,"Long time coming : reckoning with race in America / Michael Eric 
Dyson.",2020.,https://media.defense.gov/2025/Apr/04/2003683009/-1/-1/0/250404-LIST%20OF%20REMOVED%20BOOKS%20FROM%20NIMITZ%20LIBRARY.PDF,2025-04-04
5,"State of emergency : how we win in the country we built / Tamika 
D. Mallory as told to Ashley A. Coleman ; [forewords, Angela Y. 
Davis and Cardi B].",2021.,https://media.defense.gov/2025/Apr/04/2003683009/-1/-1/0/250404-LIST%20OF%20REMOVED%20BOOKS%20FROM%20NIMITZ%20LIBRARY.PDF,2025-04-04
6,"How we can win : race, history and changing the money game 
that's rigged / Kimberly Jones.",2021.,https://media.defense.gov/2025/Apr/04/2003683009/-1/-1/0/250404-LIST%20OF%20REMOVED%20BOOKS%20FROM%20NIMITZ%20LIBRARY.PDF,2025-04-04
7,My vanishing country : a memoir / Bakari Sellers.,[2020],https://media.defense.gov/2025/Apr/04/2003683009/-1/-1/0/250404-LIST%20OF%20REMOVED%20BOOKS%20FROM%20NIMITZ%20LIBRARY.PDF,2025-04-04
8,"The gangs of Zion : a Black cop's crusade in Mormon country / 
Ron Stallworth, with Sofia Quintero.",[2024],https://media.defense.gov/2025/Apr/04/2003683009/-1/-1/0/250404-LIST%20OF%20REMOVED%20BOOKS%20FROM%20NIMITZ%20LIBRARY.PDF,2025-04-04
9,American hate : survivors speak out / edited by Arjun Singh Sethi.,2018.,https://media.defense.gov/2025/Apr/04/2003683009/-1/-1/0/250404-LIST%20OF%20REMOVED%20BOOKS%20FROM%20NIMITZ%20LIBRARY.PDF,2025-04-04
10,"The rage of innocence : how America criminalizes Black youth / 
Kristin Henning.",[2021],https://media.defense.gov/2025/Apr/04/2003683009/-1/-1/0/250404-LIST%20OF%20REMOVED%20BOOKS%20FROM%20NIMITZ%20LIBRARY.PDF,2025-04-04
11,"Our time is now : power, purpose, and the fight for a fair America / 
Stacey Abrams.",2020.,https://media.defense.gov/2025/Apr/04/2003683009/-1/-1/0/250404-LIST%20OF%20REMOVED%20BOOKS%20FROM%20NIMITZ%20LIBRARY.PDF,2025-04-04
12,What's your pronoun? : beyond he & she / Dennis Baron.,[2020],https://media.defense.gov/2025/Apr/04/2003683009/-1/-1/0/250404-LIST%20OF%20REMOVED%20BOOKS%20FROM%20NIMITZ%20LIBRARY.PDF,2025-04-04
13,Rainbow milk : a novel / Paul Mendez.,[2020],https://media.defense.gov/2025/Apr/04/2003683009/-1/-1/0/250404-LIST%20OF%20REMOVED%20BOOKS%20FROM%20NIMITZ%20LIBRARY.PDF,2025-04-04
14,The genesis of misery / Neon Yang.,2022.,https://media.defense.gov/2025/Apr/04/2003683009/-1/-1/0/250404-LIST%20OF%20REMOVED%20BOOKS%20FROM%20NIMITZ%20LIBRARY.PDF,2025-04-04
15,The last white man / Mohsin Hamid.,2022.,https://media.defense.gov/2025/Apr/04/2003683009/-1/-1/0/250404-LIST%20OF%20REMOVED%20BOOKS%20FROM%20NIMITZ%20LIBRARY.PDF,2025-04-04
16,Light from uncommon stars / Ryka Aoki.,2021.,https://media.defense.gov/2025/Apr/04/2003683009/-1/-1/0/250404-LIST%20OF%20REMOVED%20BOOKS%20FROM%20NIMITZ%20LIBRARY.PDF,2025-04-04
17,Everywhere you don't belong : a novel / by Gabriel Bump.,2020.,https://media.defense.gov/2025/Apr/04/2003683009/-1/-1/0/250404-LIST%20OF%20REMOVED%20BOOKS%20FROM%20NIMITZ%20LIBRARY.PDF,2025-04-04
18,Evil eye : a novel / Etaf Rum.,[2023],https://media.defense.gov/2025/Apr/04/2003683009/-1/-1/0/250404-LIST%20OF%20REMOVED%20BOOKS%20FROM%20NIMITZ%20LIBRARY.PDF,2025-04-04
19,"Lies my teacher told me : everything your American history 
textbook got wrong / James W. Loewen.",2008.,https://media.defense.gov/2025/Apr/04/2003683009/-1/-1/0/250404-LIST%20OF%20REMOVED%20BOOKS%20FROM%20NIMITZ%20LIBRARY.PDF,2025-04-04
20,"Gender queer : a memoir / by Maia Kobabe ; colors by Phoebe 
Kobabe.",[2020],https://media.defense.gov/2025/Apr/04/2003683009/-1/-1/0/250404-LIST%20OF%20REMOVED%20BOOKS%20FROM%20NIMITZ%20LIBRARY.PDF,2025-04-04
21,The third person / Emma Grove.,2022.,https://media.defense.gov/2025/Apr/04/2003683009/-1/-1/0/250404-LIST%20OF%20REMOVED%20BOOKS%20FROM%20NIMITZ%20LIBRARY.PDF,2025-04-04
22,Stone fruit / Lee Lai.,[2021],https://media.defense.gov/2025/Apr/04/2003683009/-1/-1/0/250404-LIST%20OF%20REMOVED%20BOOKS%20FROM%20NIMITZ%20LIBRARY.PDF,2025-04-04
23,For today I am a boy / Kim Fu.,[2014],https://media.defense.gov/2025/Apr/04/2003683009/-1/-1/0/250404-LIST%20OF%20REMOVED%20BOOKS%20FROM%20NIMITZ%20LIBRARY.PDF,2025-04-04
24,Sorrowland / Rivers Solomon.,2021.,https://media.defense.gov/2025/Apr/04/2003683009/-1/-1/0/250404-LIST%20OF%20REMOVED%20BOOKS%20FROM%20NIMITZ%20LIBRARY.PDF,2025-04-04
25,The hate u give / Angie Thomas.,[2017],https://media.defense.gov/2025/Apr/04/2003683009/-1/-1/0/250404-LIST%20OF%20REMOVED%20BOOKS%20FROM%20NIMITZ%20LIBRARY.PDF,2025-04-04
26,"Pragmatism and the problem of race / edited by Bill E. Lawson and 
Donald F. Koch.",c2004.,https://media.defense.gov/2025/Apr/04/2003683009/-1/-1/0/250404-LIST%20OF%20REMOVED%20BOOKS%20FROM%20NIMITZ%20LIBRARY.PDF,2025-04-04
27,"Defining difference : race and racism in the history of psychology / 
edited by Andrew S. Winston.",c2004.,https://media.defense.gov/2025/Apr/04/2003683009/-1/-1/0/250404-LIST%20OF%20REMOVED%20BOOKS%20FROM%20NIMITZ%20LIBRARY.PDF,2025-04-04
28,The psychoanalysis of race / edited by Christopher Lane.,c1998.,https://media.defense.gov/2025/Apr/04/2003683009/-1/-1/0/250404-LIST%20OF%20REMOVED%20BOOKS%20FROM%20NIMITZ%20LIBRARY.PDF,2025-04-04
29,"Desiring whiteness : a Lacanian analysis of race / Kalpana 
Seshadri-Crooks.",2000.,https://media.defense.gov/2025/Apr/04/2003683009/-1/-1/0/250404-LIST%20OF%20REMOVED%20BOOKS%20FROM%20NIMITZ%20LIBRARY.PDF,2025-04-04
30,"Measured lies : The bell curve examined / edited by Joe L. 
Kincheloe, Shirley R. Steinberg, and Aaron D. Gresson III.",1996.,https://media.defense.gov/2025/Apr/04/2003683009/-1/-1/0/250404-LIST%20OF%20REMOVED%20BOOKS%20FROM%20NIMITZ%20LIBRARY.PDF,2025-04-04
31,"Intelligence, race, and genetics : conversations with Arthur R. 
Jensen / Frank Miele.",2002.,https://media.defense.gov/2025/Apr/04/2003683009/-1/-1/0/250404-LIST%20OF%20REMOVED%20BOOKS%20FROM%20NIMITZ%20LIBRARY.PDF,2025-04-04
32,"The race bomb : skin color, prejudice, and intelligence / Paul R. 
Ehrlich and S. Shirley Feldman.",c1977.,https://media.defense.gov/2025/Apr/04/2003683009/-1/-1/0/250404-LIST%20OF%20REMOVED%20BOOKS%20FROM%20NIMITZ%20LIBRARY.PDF,2025-04-04
33,"IQ, heritability, and racism / by James M. Lawler.",1978.,https://media.defense.gov/2025/Apr/04/2003683009/-1/-1/0/250404-LIST%20OF%20REMOVED%20BOOKS%20FROM%20NIMITZ%20LIBRARY.PDF,2025-04-04
34,"Legacy of hate : a short history of ethnic, religious, and racial 
prejudice in America / Philip Perlmutter.",c1999.,https://media.defense.gov/2025/Apr/04/2003683009/-1/-1/0/250404-LIST%20OF%20REMOVED%20BOOKS%20FROM%20NIMITZ%20LIBRARY.PDF,2025-04-04
35,"Are we born racist? : new insights from neuroscience and positive 
psychology / edited by Jason Marsh, Rodolfo Mendoza-Denton, 
and Jeremy Adam Smith.",c2010.,https://media.defense.gov/2025/Apr/04/2003683009/-1/-1/0/250404-LIST%20OF%20REMOVED%20BOOKS%20FROM%20NIMITZ%20LIBRARY.PDF,2025-04-04
36,"The social psychology of interpersonal discrimination / edited by 
Bernice Lott, Diane Maluso ; foreword by Stuart Oskamp.",c1995.,https://media.defense.gov/2025/Apr/04/2003683009/-1/-1/0/250404-LIST%20OF%20REMOVED%20BOOKS%20FROM%20NIMITZ%20LIBRARY.PDF,2025-04-04
37,"Gender, sex, and sexuality : contemporary psychological 
perspectives / Gerda Siann.",1994.,https://media.defense.gov/2025/Apr/04/2003683009/-1/-1/0/250404-LIST%20OF%20REMOVED%20BOOKS%20FROM%20NIMITZ%20LIBRARY.PDF,2025-04-04
38,"Gender, nature, and nurture / Richard A. Lippa.",2002.,https://media.defense.gov/2025/Apr/04/2003683009/-1/-1/0/250404-LIST%20OF%20REMOVED%20BOOKS%20FROM%20NIMITZ%20LIBRARY.PDF,2025-04-04
39,"The two sexes : growing up apart, coming together / Eleanor E. 
Maccoby.",1998.,https://media.defense.gov/2025/Apr/04/2003683009/-1/-1/0/250404-LIST%20OF%20REMOVED%20BOOKS%20FROM%20NIMITZ%20LIBRARY.PDF,2025-04-04
40,"The psychology of gender / edited by Anne E. Beall, Robert J. 
Sternberg ; foreword by Ellen Berscheid.",c1993.,https://media.defense.gov/2025/Apr/04/2003683009/-1/-1/0/250404-LIST%20OF%20REMOVED%20BOOKS%20FROM%20NIMITZ%20LIBRARY.PDF,2025-04-04
41,"Psychology of gender identity / Janice W. Lee, editor.",c2005.,https://media.defense.gov/2025/Apr/04/2003683009/-1/-1/0/250404-LIST%20OF%20REMOVED%20BOOKS%20FROM%20NIMITZ%20LIBRARY.PDF,2025-04-04
42,"Toward a new psychology of gender : [a reader] / edited by Mary 
M. Gergen and Sara N. Davis.",1997.,https://media.defense.gov/2025/Apr/04/2003683009/-1/-1/0/250404-LIST%20OF%20REMOVED%20BOOKS%20FROM%20NIMITZ%20LIBRARY.PDF,2025-04-04
43,"Body panic : gender, health, and the selling of fitness / Shari L. 
Dworkin and Faye Linda Wachs.",c2009.,https://media.defense.gov/2025/Apr/04/2003683009/-1/-1/0/250404-LIST%20OF%20REMOVED%20BOOKS%20FROM%20NIMITZ%20LIBRARY.PDF,2025-04-04
44,"Deliver us from evil : resisting racial and gender oppression / James 
Newton Poling.",c1996.,https://media.defense.gov/2025/Apr/04/2003683009/-1/-1/0/250404-LIST%20OF%20REMOVED%20BOOKS%20FROM%20NIMITZ%20LIBRARY.PDF,2025-04-04
45,"The myth of equality : uncovering the roots of injustice and 
privilege / Ken Wytsma.",[2017],https://media.defense.gov/2025/Apr/04/2003683009/-1/-1/0/250404-LIST%20OF%20REMOVED%20BOOKS%20FROM%20NIMITZ%20LIBRARY.PDF,2025-04-04
46,"White too long : the legacy of white supremacy in American 
Christianity / Robert P. Jones.",2020.,https://media.defense.gov/2025/Apr/04/2003683009/-1/-1/0/250404-LIST%20OF%20REMOVED%20BOOKS%20FROM%20NIMITZ%20LIBRARY.PDF,2025-04-04
47,"White evangelical racism : the politics of morality in America / 
Anthea Butler.",[2021],https://media.defense.gov/2025/Apr/04/2003683009/-1/-1/0/250404-LIST%20OF%20REMOVED%20BOOKS%20FROM%20NIMITZ%20LIBRARY.PDF,2025-04-04
48,"Mansex fine : religion, manliness and imperialism in nineteenth-
century British culture / David Alderson.",1998.,https://media.defense.gov/2025/Apr/04/2003683009/-1/-1/0/250404-LIST%20OF%20REMOVED%20BOOKS%20FROM%20NIMITZ%20LIBRARY.PDF,2025-04-04
49,Racial justice and the Catholic Church / Bryan N. Massingale.,c2010.,https://media.defense.gov/2025/Apr/04/2003683009/-1/-1/0/250404-LIST%20OF%20REMOVED%20BOOKS%20FROM%20NIMITZ%20LIBRARY.PDF,2025-04-04
50,"Continuing perspectives on the Black Diaspora / edited with 
introductions by Aubrey W. Bonnett and Calvin B. Holder.",c2009.,https://media.defense.gov/2025/Apr/04/2003683009/-1/-1/0/250404-LIST%20OF%20REMOVED%20BOOKS%20FROM%20NIMITZ%20LIBRARY.PDF,2025-04-04
51,"Josiah Nott of Mobile : southerner, physician, and racial theorist / 
Reginald Horsman.",c1987.,https://media.defense.gov/2025/Apr/04/2003683009/-1/-1/0/250404-LIST%20OF%20REMOVED%20BOOKS%20FROM%20NIMITZ%20LIBRARY.PDF,2025-04-04
52,"In search of Catalina de Erauso : the national and sexual identity of 
the lieutenant nun / Eva Mendieta ; translated by Angeles Prado.",c2009.,https://media.defense.gov/2025/Apr/04/2003683009/-1/-1/0/250404-LIST%20OF%20REMOVED%20BOOKS%20FROM%20NIMITZ%20LIBRARY.PDF,2025-04-04
53,"Race war : white supremacy and the Japanese attack on the British 
Empire / Gerald Horne.",c2004.,https://media.defense.gov/2025/Apr/04/2003683009/-1/-1/0/250404-LIST%20OF%20REMOVED%20BOOKS%20FROM%20NIMITZ%20LIBRARY.PDF,2025-04-04
54,"Memorializing the Holocaust : gender, genocide and collective 
memory / Janet Jacobs.",2010.,https://media.defense.gov/2025/Apr/04/2003683009/-1/-1/0/250404-LIST%20OF%20REMOVED%20BOOKS%20FROM%20NIMITZ%20LIBRARY.PDF,2025-04-04
55,"Half American : the epic story of African Americans fighting 
World War II at home and abroad / Matthew F. Delmont.",[2022],https://media.defense.gov/2025/Apr/04/2003683009/-1/-1/0/250404-LIST%20OF%20REMOVED%20BOOKS%20FROM%20NIMITZ%20LIBRARY.PDF,2025-04-04
56,"Why I'm no longer talking to white people about race / Reni Eddo-
Lodge.",2019.,https://media.defense.gov/2025/Apr/04/2003683009/-1/-1/0/250404-LIST%20OF%20REMOVED%20BOOKS%20FROM%20NIMITZ%20LIBRARY.PDF,2025-04-04
57,"Monsieur d'Eon is a woman : a tale of political intrigue and sexual 
masquerade / Gary Kates.",2001.,https://media.defense.gov/2025/Apr/04/2003683009/-1/-1/0/250404-LIST%20OF%20REMOVED%20BOOKS%20FROM%20NIMITZ%20LIBRARY.PDF,2025-04-04
58,"Blunt instruments : recognizing racist cultural infrastructure in 
memorials, museums, and patriotic practices / Kristin Ann Hass.",[2022],https://media.defense.gov/2025/Apr/04/2003683009/-1/-1/0/250404-LIST%20OF%20REMOVED%20BOOKS%20FROM%20NIMITZ%20LIBRARY.PDF,2025-04-04
59,"This violent empire : the birth of an American national identity / 
Carroll Smith-Rosenberg.",c2010.,https://media.defense.gov/2025/Apr/04/2003683009/-1/-1/0/250404-LIST%20OF%20REMOVED%20BOOKS%20FROM%20NIMITZ%20LIBRARY.PDF,2025-04-04
60,"The showman and the slave : race, death, and memory in Barnum's 
America / Benjamin Reiss.",2001.,https://media.defense.gov/2025/Apr/04/2003683009/-1/-1/0/250404-LIST%20OF%20REMOVED%20BOOKS%20FROM%20NIMITZ%20LIBRARY.PDF,2025-04-04
61,"Never one nation : freaks, savages, and whiteness in U.S. popular 
culture, 1850-1877 / Linda Frost.",c2005.,https://media.defense.gov/2025/Apr/04/2003683009/-1/-1/0/250404-LIST%20OF%20REMOVED%20BOOKS%20FROM%20NIMITZ%20LIBRARY.PDF,2025-04-04
62,"America, Amerikkka : elect nation and imperial violence / 
Rosemary Radford Ruether.",2007.,https://media.defense.gov/2025/Apr/04/2003683009/-1/-1/0/250404-LIST%20OF%20REMOVED%20BOOKS%20FROM%20NIMITZ%20LIBRARY.PDF,2025-04-04
63,"Race in society : the enduring American dilemma / Margaret L. 
Andersen, University of Delaware.",[2017],https://media.defense.gov/2025/Apr/04/2003683009/-1/-1/0/250404-LIST%20OF%20REMOVED%20BOOKS%20FROM%20NIMITZ%20LIBRARY.PDF,2025-04-04
64,"The ethnic project : transforming racial fiction into ethnic factions / 
Vilna Bashi Treitler.",2013.,https://media.defense.gov/2025/Apr/04/2003683009/-1/-1/0/250404-LIST%20OF%20REMOVED%20BOOKS%20FROM%20NIMITZ%20LIBRARY.PDF,2025-04-04
65,"Racism without racists : color-blind racism and the persistence of 
racial inequality in America / Eduardo Bonilla-Silva.",[2014],https://media.defense.gov/2025/Apr/04/2003683009/-1/-1/0/250404-LIST%20OF%20REMOVED%20BOOKS%20FROM%20NIMITZ%20LIBRARY.PDF,2025-04-04
66,"Racism without racists : color-blind racism and the persistence of 
racial inequality in America / Eduardo Bonilla-Silva.",[2018],https://media.defense.gov/2025/Apr/04/2003683009/-1/-1/0/250404-LIST%20OF%20REMOVED%20BOOKS%20FROM%20NIMITZ%20LIBRARY.PDF,2025-04-04
67,"White out : understanding white privilege and dominance in the 
modern age / Christopher S. Collins and Alexander Jun.",[2017],https://media.defense.gov/2025/Apr/04/2003683009/-1/-1/0/250404-LIST%20OF%20REMOVED%20BOOKS%20FROM%20NIMITZ%20LIBRARY.PDF,2025-04-04
68,"Racecraft : the soul of inequality in American life / Karen E. Fields 
and Barbara J. Fields.",2014.,https://media.defense.gov/2025/Apr/04/2003683009/-1/-1/0/250404-LIST%20OF%20REMOVED%20BOOKS%20FROM%20NIMITZ%20LIBRARY.PDF,2025-04-04
69,"How to be less stupid about race : on racism, White supremacy, 
and the racial divide / Crystal M. Fleming.",[2018],https://media.defense.gov/2025/Apr/04/2003683009/-1/-1/0/250404-LIST%20OF%20REMOVED%20BOOKS%20FROM%20NIMITZ%20LIBRARY.PDF,2025-04-04
70,"Rich thanks to racism : how the ultra-wealthy profit from racial 
injustice / Jim Freeman.",2021.,https://media.defense.gov/2025/Apr/04/2003683009/-1/-1/0/250404-LIST%20OF%20REMOVED%20BOOKS%20FROM%20NIMITZ%20LIBRARY.PDF,2025-04-04
71,"On the fault line : race, class, and the American patriot movement / 
Carolyn Gallaher.",c2003.,https://media.defense.gov/2025/Apr/04/2003683009/-1/-1/0/250404-LIST%20OF%20REMOVED%20BOOKS%20FROM%20NIMITZ%20LIBRARY.PDF,2025-04-04
72,"Bind us apart : how enlightened Americans invented racial 
segregation / Nicholas Guyatt.",[2016],https://media.defense.gov/2025/Apr/04/2003683009/-1/-1/0/250404-LIST%20OF%20REMOVED%20BOOKS%20FROM%20NIMITZ%20LIBRARY.PDF,2025-04-04
73,"Merge left : fusing race and class, winning elections, and saving 
America / Ian Haney L<U+fffd>opez.",2019.,https://media.defense.gov/2025/Apr/04/2003683009/-1/-1/0/250404-LIST%20OF%20REMOVED%20BOOKS%20FROM%20NIMITZ%20LIBRARY.PDF,2025-04-04
74,"Home-grown hate : gender and organized racism / Abby L. Ferber, 
editor.",2004.,https://media.defense.gov/2025/Apr/04/2003683009/-1/-1/0/250404-LIST%20OF%20REMOVED%20BOOKS%20FROM%20NIMITZ%20LIBRARY.PDF,2025-04-04
75,Honor bound : race and shame in America / David Leverenz.,c2012.,https://media.defense.gov/2025/Apr/04/2003683009/-1/-1/0/250404-LIST%20OF%20REMOVED%20BOOKS%20FROM%20NIMITZ%20LIBRARY.PDF,2025-04-04
76,"The myth of racial color blindness : manifestations, dynamics, and 
impact / edited by Helen A. Neville, Miguel E. Gallardo, and 
Derald Wing Sue.",[2016],https://media.defense.gov/2025/Apr/04/2003683009/-1/-1/0/250404-LIST%20OF%20REMOVED%20BOOKS%20FROM%20NIMITZ%20LIBRARY.PDF,2025-04-04
77,So you want to talk about race / Ijeoma Oluo.,[2018],https://media.defense.gov/2025/Apr/04/2003683009/-1/-1/0/250404-LIST%20OF%20REMOVED%20BOOKS%20FROM%20NIMITZ%20LIBRARY.PDF,2025-04-04
78,"More beautiful and more terrible : the embrace and transcendence 
of racial inequality in the United States / Imani Perry.",2011.,https://media.defense.gov/2025/Apr/04/2003683009/-1/-1/0/250404-LIST%20OF%20REMOVED%20BOOKS%20FROM%20NIMITZ%20LIBRARY.PDF,2025-04-04
79,"Whiteness and racialized ethnic groups in the United States : the 
politics of remembering / Sherrow O. Pinder.",2013.,https://media.defense.gov/2025/Apr/04/2003683009/-1/-1/0/250404-LIST%20OF%20REMOVED%20BOOKS%20FROM%20NIMITZ%20LIBRARY.PDF,2025-04-04
80,"Reproducing racism : how everyday choices lock in white 
advantage / Daria Roithmayr.",[2014],https://media.defense.gov/2025/Apr/04/2003683009/-1/-1/0/250404-LIST%20OF%20REMOVED%20BOOKS%20FROM%20NIMITZ%20LIBRARY.PDF,2025-04-04
81,"Savage perils : racial frontiers and nuclear apocalypse in American 
culture / Patrick B. Sharp.",c2007.,https://media.defense.gov/2025/Apr/04/2003683009/-1/-1/0/250404-LIST%20OF%20REMOVED%20BOOKS%20FROM%20NIMITZ%20LIBRARY.PDF,2025-04-04
82,"American swastika : inside the white power movement's hidden 
spaces of hate / Pete Simi and Robert Futrell.",c2010.,https://media.defense.gov/2025/Apr/04/2003683009/-1/-1/0/250404-LIST%20OF%20REMOVED%20BOOKS%20FROM%20NIMITZ%20LIBRARY.PDF,2025-04-04
83,"American swastika : inside the white power movement's hidden 
spaces of hate / Pete Simi and Robert Futrell.",[2015],https://media.defense.gov/2025/Apr/04/2003683009/-1/-1/0/250404-LIST%20OF%20REMOVED%20BOOKS%20FROM%20NIMITZ%20LIBRARY.PDF,2025-04-04
84,Reproducing race : the paradox of generation mix / Rainier Spencer.,2011.,https://media.defense.gov/2025/Apr/04/2003683009/-1/-1/0/250404-LIST%20OF%20REMOVED%20BOOKS%20FROM%20NIMITZ%20LIBRARY.PDF,2025-04-04
85,"An impossible dream? : racial integration in the United States / 
Sharon A. Stanley.",[2017],https://media.defense.gov/2025/Apr/04/2003683009/-1/-1/0/250404-LIST%20OF%20REMOVED%20BOOKS%20FROM%20NIMITZ%20LIBRARY.PDF,2025-04-04
86,"The new white nationalism in America : its challenge to integration 
/ Carol M. Swain.",2002.,https://media.defense.gov/2025/Apr/04/2003683009/-1/-1/0/250404-LIST%20OF%20REMOVED%20BOOKS%20FROM%20NIMITZ%20LIBRARY.PDF,2025-04-04
87,"The changing nature of racial and ethnic conflict in United States 
history : 1492 to the present / Leslie V. Tischauser.",c2002.,https://media.defense.gov/2025/Apr/04/2003683009/-1/-1/0/250404-LIST%20OF%20REMOVED%20BOOKS%20FROM%20NIMITZ%20LIBRARY.PDF,2025-04-04
88,"Fire in the heart : how white activists embrace racial justice / Mark 
R. Warren.",2010.,https://media.defense.gov/2025/Apr/04/2003683009/-1/-1/0/250404-LIST%20OF%20REMOVED%20BOOKS%20FROM%20NIMITZ%20LIBRARY.PDF,2025-04-04
89,"The religion of white supremacy in the United States / Eric A. 
Weed.",[2017],https://media.defense.gov/2025/Apr/04/2003683009/-1/-1/0/250404-LIST%20OF%20REMOVED%20BOOKS%20FROM%20NIMITZ%20LIBRARY.PDF,2025-04-04
90,"White out : the continuing significance of racism / edited by Ashley 
""Woody"" Doane and Eduardo Bonilla-Silva.",2003.,https://media.defense.gov/2025/Apr/04/2003683009/-1/-1/0/250404-LIST%20OF%20REMOVED%20BOOKS%20FROM%20NIMITZ%20LIBRARY.PDF,2025-04-04
91,"Mark one or more : civil rights in multiracial America / Kim M. 
Williams.",c2006.,https://media.defense.gov/2025/Apr/04/2003683009/-1/-1/0/250404-LIST%20OF%20REMOVED%20BOOKS%20FROM%20NIMITZ%20LIBRARY.PDF,2025-04-04
92,"Speaking treason fluently : anti-racist reflections from an angry 
white male spea[k]ing / Tim Wise.",c2008.,https://media.defense.gov/2025/Apr/04/2003683009/-1/-1/0/250404-LIST%20OF%20REMOVED%20BOOKS%20FROM%20NIMITZ%20LIBRARY.PDF,2025-04-04
93,"Between Barack and a hard place : racism and white denial in the 
age of Obama / Tim Wise.",c2009.,https://media.defense.gov/2025/Apr/04/2003683009/-1/-1/0/250404-LIST%20OF%20REMOVED%20BOOKS%20FROM%20NIMITZ%20LIBRARY.PDF,2025-04-04
94,"American skin : pop culture, big business, and the end of white 
America / Leon E. Wynter.",c2002.,https://media.defense.gov/2025/Apr/04/2003683009/-1/-1/0/250404-LIST%20OF%20REMOVED%20BOOKS%20FROM%20NIMITZ%20LIBRARY.PDF,2025-04-04
95,"Blood and politics : the history of the white nationalist movement 
from the margins to the mainstream / Leonard Zeskind.",2009.,https://media.defense.gov/2025/Apr/04/2003683009/-1/-1/0/250404-LIST%20OF%20REMOVED%20BOOKS%20FROM%20NIMITZ%20LIBRARY.PDF,2025-04-04
96,"Whitewashed : America's invisible Middle Eastern minority / John 
Tehranian.",c2009.,https://media.defense.gov/2025/Apr/04/2003683009/-1/-1/0/250404-LIST%20OF%20REMOVED%20BOOKS%20FROM%20NIMITZ%20LIBRARY.PDF,2025-04-04
97,"The myth of the model minority : Asian Americans facing racism / 
Rosalind S. Chou and Joe R. Feagin.",c2008.,https://media.defense.gov/2025/Apr/04/2003683009/-1/-1/0/250404-LIST%20OF%20REMOVED%20BOOKS%20FROM%20NIMITZ%20LIBRARY.PDF,2025-04-04
98,"The racial logic of politics : Asian Americans and party 
competition / Thomas P. Kim.",2007.,https://media.defense.gov/2025/Apr/04/2003683009/-1/-1/0/250404-LIST%20OF%20REMOVED%20BOOKS%20FROM%20NIMITZ%20LIBRARY.PDF,2025-04-04
99,"Accent on privilege : English identities and anglophilia in the U.S. / 
Katharine W. Jones.",2001.,https://media.defense.gov/2025/Apr/04/2003683009/-1/-1/0/250404-LIST%20OF%20REMOVED%20BOOKS%20FROM%20NIMITZ%20LIBRARY.PDF,2025-04-04
100,"The racial middle : Latinos and Asian Americans living beyond the 
racial divide / Eileen O'Brien.",c2008.,https://media.defense.gov/2025/Apr/04/2003683009/-1/-1/0/250404-LIST%20OF%20REMOVED%20BOOKS%20FROM%20NIMITZ%20LIBRARY.PDF,2025-04-04
101,"Racial justice in America : a reference handbook / David B. 
Mustard.",c2003.,https://media.defense.gov/2025/Apr/04/2003683009/-1/-1/0/250404-LIST%20OF%20REMOVED%20BOOKS%20FROM%20NIMITZ%20LIBRARY.PDF,2025-04-04
102,"Black bodies, white gazes : the continuing significance of race in 
America / George Yancy.",[2017],https://media.defense.gov/2025/Apr/04/2003683009/-1/-1/0/250404-LIST%20OF%20REMOVED%20BOOKS%20FROM%20NIMITZ%20LIBRARY.PDF,2025-04-04
103,"White rage : the unspoken truth of our racial divide / Carol 
Anderson.",2016.,https://media.defense.gov/2025/Apr/04/2003683009/-1/-1/0/250404-LIST%20OF%20REMOVED%20BOOKS%20FROM%20NIMITZ%20LIBRARY.PDF,2025-04-04
104,"Racial innocence : performing American childhood from slavery to 
civil rights / Robin Bernstein.",c2011.,https://media.defense.gov/2025/Apr/04/2003683009/-1/-1/0/250404-LIST%20OF%20REMOVED%20BOOKS%20FROM%20NIMITZ%20LIBRARY.PDF,2025-04-04
105,"The American non-dilemma : racial inequality without racism / 
Nancy DiTomaso.",[2013],https://media.defense.gov/2025/Apr/04/2003683009/-1/-1/0/250404-LIST%20OF%20REMOVED%20BOOKS%20FROM%20NIMITZ%20LIBRARY.PDF,2025-04-04
106,"I am a man! : race, manhood, and the civil rights movement / Steve 
Estes.",c2005.,https://media.defense.gov/2025/Apr/04/2003683009/-1/-1/0/250404-LIST%20OF%20REMOVED%20BOOKS%20FROM%20NIMITZ%20LIBRARY.PDF,2025-04-04
107,"Stamped from the beginning : the definitive history of racist ideas 
in America / Ibram X. Kendi.",[2016],https://media.defense.gov/2025/Apr/04/2003683009/-1/-1/0/250404-LIST%20OF%20REMOVED%20BOOKS%20FROM%20NIMITZ%20LIBRARY.PDF,2025-04-04
108,"Black is a country : race and the unfinished struggle for democracy 
/ Nikhil Pal Singh.",2004.,https://media.defense.gov/2025/Apr/04/2003683009/-1/-1/0/250404-LIST%20OF%20REMOVED%20BOOKS%20FROM%20NIMITZ%20LIBRARY.PDF,2025-04-04
109,"Jim Crow's legacy : the lasting impact of segregation / Ruth 
Thompson-Miller, Joe R. Feagin, and Leslie H. Picca.",[2015],https://media.defense.gov/2025/Apr/04/2003683009/-1/-1/0/250404-LIST%20OF%20REMOVED%20BOOKS%20FROM%20NIMITZ%20LIBRARY.PDF,2025-04-04
110,"The racial glass ceiling : subordination in American law and 
culture / Roy L. Brooks.",©2017.,https://media.defense.gov/2025/Apr/04/2003683009/-1/-1/0/250404-LIST%20OF%20REMOVED%20BOOKS%20FROM%20NIMITZ%20LIBRARY.PDF,2025-04-04
111,"Racial stasis : the millennial generation and the stagnation of racial 
attitudes in American politics / Christopher D. DeSante and Candis 
Watts Smith.",2020.,https://media.defense.gov/2025/Apr/04/2003683009/-1/-1/0/250404-LIST%20OF%20REMOVED%20BOOKS%20FROM%20NIMITZ%20LIBRARY.PDF,2025-04-04
112,"Tears we cannot stop : a sermon to white America / Michael Eric 
Dyson.",2017.,https://media.defense.gov/2025/Apr/04/2003683009/-1/-1/0/250404-LIST%20OF%20REMOVED%20BOOKS%20FROM%20NIMITZ%20LIBRARY.PDF,2025-04-04
113,"Everything but the burden : what white people are taking from 
Black culture / edited by Greg Tate.",2003.,https://media.defense.gov/2025/Apr/04/2003683009/-1/-1/0/250404-LIST%20OF%20REMOVED%20BOOKS%20FROM%20NIMITZ%20LIBRARY.PDF,2025-04-04
114,"Racist America : roots, current realities, and future reparations / by 
Joe R. Feagin.",2014.,https://media.defense.gov/2025/Apr/04/2003683009/-1/-1/0/250404-LIST%20OF%20REMOVED%20BOOKS%20FROM%20NIMITZ%20LIBRARY.PDF,2025-04-04
115,"White racism : the basics / Joe R. Feagin, Hernán Vera.",1995.,https://media.defense.gov/2025/Apr/04/2003683009/-1/-1/0/250404-LIST%20OF%20REMOVED%20BOOKS%20FROM%20NIMITZ%20LIBRARY.PDF,2025-04-04
116,"The fire this time : a new generation speaks about race / edited by 
Jesmyn Ward.",2016.,https://media.defense.gov/2025/Apr/04/2003683009/-1/-1/0/250404-LIST%20OF%20REMOVED%20BOOKS%20FROM%20NIMITZ%20LIBRARY.PDF,2025-04-04
117,"Democracy in Black : How Race Still Enslaves the American Soul 
/ Eddie S. Glaude, Jr.",[2016],https://media.defense.gov/2025/Apr/04/2003683009/-1/-1/0/250404-LIST%20OF%20REMOVED%20BOOKS%20FROM%20NIMITZ%20LIBRARY.PDF,2025-04-04
118,"Two nations : black and white, separate, hostile, unequal / Andrew 
Hacker.",c1992.,https://media.defense.gov/2025/Apr/04/2003683009/-1/-1/0/250404-LIST%20OF%20REMOVED%20BOOKS%20FROM%20NIMITZ%20LIBRARY.PDF,2025-04-04
119,"Dog whistle politics : how coded racial appeals have reinvented 
racism and wrecked the middle class / Ian Haney López.",[2014],https://media.defense.gov/2025/Apr/04/2003683009/-1/-1/0/250404-LIST%20OF%20REMOVED%20BOOKS%20FROM%20NIMITZ%20LIBRARY.PDF,2025-04-04
120,"What can you say? : America's national conversation on race / John 
Hartigan Jr.",c2010.,https://media.defense.gov/2025/Apr/04/2003683009/-1/-1/0/250404-LIST%20OF%20REMOVED%20BOOKS%20FROM%20NIMITZ%20LIBRARY.PDF,2025-04-04
121,"The harvest of American racism : the political meaning of violence 
in the summer of 1967 / edited by Robert Shellow ; with a 
foreword by Michael C. Dawson.",[2018],https://media.defense.gov/2025/Apr/04/2003683009/-1/-1/0/250404-LIST%20OF%20REMOVED%20BOOKS%20FROM%20NIMITZ%20LIBRARY.PDF,2025-04-04
122,"The making of Black lives matter : a brief history of an idea / 
Christopher J. Lebron.",[2017],https://media.defense.gov/2025/Apr/04/2003683009/-1/-1/0/250404-LIST%20OF%20REMOVED%20BOOKS%20FROM%20NIMITZ%20LIBRARY.PDF,2025-04-04
123,How racism takes place / George Lipsitz.,2011.,https://media.defense.gov/2025/Apr/04/2003683009/-1/-1/0/250404-LIST%20OF%20REMOVED%20BOOKS%20FROM%20NIMITZ%20LIBRARY.PDF,2025-04-04
124,"Blackness visible : essays on philosophy and race / Charles W. 
Mills.",1998.,https://media.defense.gov/2025/Apr/04/2003683009/-1/-1/0/250404-LIST%20OF%20REMOVED%20BOOKS%20FROM%20NIMITZ%20LIBRARY.PDF,2025-04-04
125,Afro-Orientalism / Bill V. Mullen.,c2004.,https://media.defense.gov/2025/Apr/04/2003683009/-1/-1/0/250404-LIST%20OF%20REMOVED%20BOOKS%20FROM%20NIMITZ%20LIBRARY.PDF,2025-04-04
126,Race traitor / edited by Noel Ignatiev and John Garvey.,1996.,https://media.defense.gov/2025/Apr/04/2003683009/-1/-1/0/250404-LIST%20OF%20REMOVED%20BOOKS%20FROM%20NIMITZ%20LIBRARY.PDF,2025-04-04
127,"Conservatism and racism, and why in America they are the same / 
Robert C. Smith.",c2010.,https://media.defense.gov/2025/Apr/04/2003683009/-1/-1/0/250404-LIST%20OF%20REMOVED%20BOOKS%20FROM%20NIMITZ%20LIBRARY.PDF,2025-04-04
128,"America's original sin : racism, white privilege, and the bridge to a 
new America / Jim Wallis.",2017.,https://media.defense.gov/2025/Apr/04/2003683009/-1/-1/0/250404-LIST%20OF%20REMOVED%20BOOKS%20FROM%20NIMITZ%20LIBRARY.PDF,2025-04-04
129,"When race becomes real : black and white writers confront their 
personal histories / edited by Bernestine Singley ; epilogue by 
Derrick Bell.",c2002.,https://media.defense.gov/2025/Apr/04/2003683009/-1/-1/0/250404-LIST%20OF%20REMOVED%20BOOKS%20FROM%20NIMITZ%20LIBRARY.PDF,2025-04-04
130,"Enough : the phony leaders, dead-end movements, and culture of 
failure that are undermining Black America-- and what we can do 
about it / Juan Williams.",c2006.,https://media.defense.gov/2025/Apr/04/2003683009/-1/-1/0/250404-LIST%20OF%20REMOVED%20BOOKS%20FROM%20NIMITZ%20LIBRARY.PDF,2025-04-04
131,"Winning while losing : civil rights, the conservative movement, and 
the presidency from Nixon to Obama / edited by Kenneth Osgood 
and Derrick E. White.",c2014.,https://media.defense.gov/2025/Apr/04/2003683009/-1/-1/0/250404-LIST%20OF%20REMOVED%20BOOKS%20FROM%20NIMITZ%20LIBRARY.PDF,2025-04-04
132,"Colorblind : the rise of post-racial politics and the retreat from 
racial equity / Tim Wise.",c2010.,https://media.defense.gov/2025/Apr/04/2003683009/-1/-1/0/250404-LIST%20OF%20REMOVED%20BOOKS%20FROM%20NIMITZ%20LIBRARY.PDF,2025-04-04
133,"White like me : reflections on race from a privileged son / Tim 
Wise.",c2008.,https://media.defense.gov/2025/Apr/04/2003683009/-1/-1/0/250404-LIST%20OF%20REMOVED%20BOOKS%20FROM%20NIMITZ%20LIBRARY.PDF,2025-04-04
134,"Color matters : skin tone bias and the myth of a post-racial 
America / edited by Kimberly Jade Norwood.",2014.,https://media.defense.gov/2025/Apr/04/2003683009/-1/-1/0/250404-LIST%20OF%20REMOVED%20BOOKS%20FROM%20NIMITZ%20LIBRARY.PDF,2025-04-04
135,"Nigger : The strange career of a troublesome word / Randall 
Kennedy.",c2002.,https://media.defense.gov/2025/Apr/04/2003683009/-1/-1/0/250404-LIST%20OF%20REMOVED%20BOOKS%20FROM%20NIMITZ%20LIBRARY.PDF,2025-04-04
136,"The agony of masculinity : race, gender, and education in the age 
of ""new"" racism and patriarchy / Pierre W. Orelus.",c2010.,https://media.defense.gov/2025/Apr/04/2003683009/-1/-1/0/250404-LIST%20OF%20REMOVED%20BOOKS%20FROM%20NIMITZ%20LIBRARY.PDF,2025-04-04
137,"Critical rhetorics of race / edited by Michael G. Lacy and Kent A. 
Ono.",c2011.,https://media.defense.gov/2025/Apr/04/2003683009/-1/-1/0/250404-LIST%20OF%20REMOVED%20BOOKS%20FROM%20NIMITZ%20LIBRARY.PDF,2025-04-04
138,"The hidden rules of race : barriers to an inclusive economy / 
Andrea Flynn, Susan R. Holmberg, Dorian T. Warren, Felicia J. 
Wong.",2017.,https://media.defense.gov/2025/Apr/04/2003683009/-1/-1/0/250404-LIST%20OF%20REMOVED%20BOOKS%20FROM%20NIMITZ%20LIBRARY.PDF,2025-04-04
139,"How capitalism underdeveloped Black America : problems in race, 
political economy, and society / Manning Marable (1950-2011) ; 
foreword by Leith Mullings.",2015.,https://media.defense.gov/2025/Apr/04/2003683009/-1/-1/0/250404-LIST%20OF%20REMOVED%20BOOKS%20FROM%20NIMITZ%20LIBRARY.PDF,2025-04-04
140,"The sum of us : what racism costs everyone and how we can 
prosper together / Heather McGhee.",[2021],https://media.defense.gov/2025/Apr/04/2003683009/-1/-1/0/250404-LIST%20OF%20REMOVED%20BOOKS%20FROM%20NIMITZ%20LIBRARY.PDF,2025-04-04
141,Have Black lives ever mattered? / Mumia Abu-Jamal.,[2017],https://media.defense.gov/2025/Apr/04/2003683009/-1/-1/0/250404-LIST%20OF%20REMOVED%20BOOKS%20FROM%20NIMITZ%20LIBRARY.PDF,2025-04-04
142,"Black scholars on the line : race, social science, and American 
thought in the twentieth century / edited by Jonathan Scott 
Holloway and Ben Keppel.",c2007.,https://media.defense.gov/2025/Apr/04/2003683009/-1/-1/0/250404-LIST%20OF%20REMOVED%20BOOKS%20FROM%20NIMITZ%20LIBRARY.PDF,2025-04-04
143,"Through our eyes : African American men's experiences of race, 
gender, and violence / Gail Garfield.",c2010.,https://media.defense.gov/2025/Apr/04/2003683009/-1/-1/0/250404-LIST%20OF%20REMOVED%20BOOKS%20FROM%20NIMITZ%20LIBRARY.PDF,2025-04-04
144,"Shadowboxing : representations of black feminist politics / James 
Joy.",2002.,https://media.defense.gov/2025/Apr/04/2003683009/-1/-1/0/250404-LIST%20OF%20REMOVED%20BOOKS%20FROM%20NIMITZ%20LIBRARY.PDF,2025-04-04
145,"They can't kill us all : Ferguson, Baltimore, and a new era in 
America's racial justice movement / Wesley Lowery.",2016.,https://media.defense.gov/2025/Apr/04/2003683009/-1/-1/0/250404-LIST%20OF%20REMOVED%20BOOKS%20FROM%20NIMITZ%20LIBRARY.PDF,2025-04-04
146,"Race still matters : the reality of African American lives and the 
myth of postracial society / edited by Yuya Kiuchi.",[2016],https://media.defense.gov/2025/Apr/04/2003683009/-1/-1/0/250404-LIST%20OF%20REMOVED%20BOOKS%20FROM%20NIMITZ%20LIBRARY.PDF,2025-04-04
147,"The truth that never hurts : writings on race, gender, and freedom / 
Barbara Smith.",c1998.,https://media.defense.gov/2025/Apr/04/2003683009/-1/-1/0/250404-LIST%20OF%20REMOVED%20BOOKS%20FROM%20NIMITZ%20LIBRARY.PDF,2025-04-04
148,"From #BlackLivesMatter to Black liberation / Keeanga-Yamahtta 
Taylor.",[2016],https://media.defense.gov/2025/Apr/04/2003683009/-1/-1/0/250404-LIST%20OF%20REMOVED%20BOOKS%20FROM%20NIMITZ%20LIBRARY.PDF,2025-04-04
149,Long overdue : the politics of racial reparations / Charles P. Henry.,c2007.,https://media.defense.gov/2025/Apr/04/2003683009/-1/-1/0/250404-LIST%20OF%20REMOVED%20BOOKS%20FROM%20NIMITZ%20LIBRARY.PDF,2025-04-04
150,"A respectable woman : the public roles of African American 
women in 19th-century New York / Jane E. Dabel.",c2008.,https://media.defense.gov/2025/Apr/04/2003683009/-1/-1/0/250404-LIST%20OF%20REMOVED%20BOOKS%20FROM%20NIMITZ%20LIBRARY.PDF,2025-04-04
151,"Talk with you like a woman : African American women, justice, 
and reform in New York, 1890-1935 / Cheryl D. Hicks.",c2010.,https://media.defense.gov/2025/Apr/04/2003683009/-1/-1/0/250404-LIST%20OF%20REMOVED%20BOOKS%20FROM%20NIMITZ%20LIBRARY.PDF,2025-04-04
152,"Being brown in Dixie : race, ethnicity, and Latino immigration in 
the new South / edited by Cameron D. Lippard, Charles A. 
Gallagher.",2011.,https://media.defense.gov/2025/Apr/04/2003683009/-1/-1/0/250404-LIST%20OF%20REMOVED%20BOOKS%20FROM%20NIMITZ%20LIBRARY.PDF,2025-04-04
153,"Conjuring crisis : racism and civil rights in a southern military city 
/ George Baca.",c2010.,https://media.defense.gov/2025/Apr/04/2003683009/-1/-1/0/250404-LIST%20OF%20REMOVED%20BOOKS%20FROM%20NIMITZ%20LIBRARY.PDF,2025-04-04
154,"The good immigrants : how the yellow peril became the model 
minority / Madeline Y. Hsu.",[2015],https://media.defense.gov/2025/Apr/04/2003683009/-1/-1/0/250404-LIST%20OF%20REMOVED%20BOOKS%20FROM%20NIMITZ%20LIBRARY.PDF,2025-04-04
155,"Faces of environmental racism : confronting issues of global justice 
/ edited by Laura Westra and Peter S. Wenz ; foreword by Eugene 
Hargrove.",c1995.,https://media.defense.gov/2025/Apr/04/2003683009/-1/-1/0/250404-LIST%20OF%20REMOVED%20BOOKS%20FROM%20NIMITZ%20LIBRARY.PDF,2025-04-04
156,"Shades of difference : why skin color matters / edited by Evelyn 
Nakano Glenn.",c2009.,https://media.defense.gov/2025/Apr/04/2003683009/-1/-1/0/250404-LIST%20OF%20REMOVED%20BOOKS%20FROM%20NIMITZ%20LIBRARY.PDF,2025-04-04
157,Kinship and gender : an introduction / Linda Stone.,1997.,https://media.defense.gov/2025/Apr/04/2003683009/-1/-1/0/250404-LIST%20OF%20REMOVED%20BOOKS%20FROM%20NIMITZ%20LIBRARY.PDF,2025-04-04
158,"Muslim diaspora : gender, culture and identity / edited by Haideh 
Moghissi.",2006.,https://media.defense.gov/2025/Apr/04/2003683009/-1/-1/0/250404-LIST%20OF%20REMOVED%20BOOKS%20FROM%20NIMITZ%20LIBRARY.PDF,2025-04-04
159,"Men's college athletics and the politics of racial equality : five 
pioneer stories of Black manliness, White citizenship, and 
American democracy / Gregory J. Kaliss.",2012.,https://media.defense.gov/2025/Apr/04/2003683009/-1/-1/0/250404-LIST%20OF%20REMOVED%20BOOKS%20FROM%20NIMITZ%20LIBRARY.PDF,2025-04-04
160,"Pay to play : race and the perils of the college sports industrial 
complex / Lori Latrice Martin, PhD, Kenneth J. Fasching-Varner, 
PhD, and Nicholas D. Hartlep, PhD.",[2017],https://media.defense.gov/2025/Apr/04/2003683009/-1/-1/0/250404-LIST%20OF%20REMOVED%20BOOKS%20FROM%20NIMITZ%20LIBRARY.PDF,2025-04-04
161,Sportsex / Toby Miller.,2001.,https://media.defense.gov/2025/Apr/04/2003683009/-1/-1/0/250404-LIST%20OF%20REMOVED%20BOOKS%20FROM%20NIMITZ%20LIBRARY.PDF,2025-04-04
162,"Commodified and criminalized : new racism and African 
Americans in contemporary sports / edited by David J. Leonard 
and C. Richard King.",c2011.,https://media.defense.gov/2025/Apr/04/2003683009/-1/-1/0/250404-LIST%20OF%20REMOVED%20BOOKS%20FROM%20NIMITZ%20LIBRARY.PDF,2025-04-04
163,"The new plantation : Black athletes, college sports, and 
predominantly White NCAA institutions / Billy Hawkins.",2010.,https://media.defense.gov/2025/Apr/04/2003683009/-1/-1/0/250404-LIST%20OF%20REMOVED%20BOOKS%20FROM%20NIMITZ%20LIBRARY.PDF,2025-04-04
164,"Playing while White : privilege and power on and off the field / 
David J. Leonard.",[2017],https://media.defense.gov/2025/Apr/04/2003683009/-1/-1/0/250404-LIST%20OF%20REMOVED%20BOOKS%20FROM%20NIMITZ%20LIBRARY.PDF,2025-04-04
165,"Beyond the white shadow : philosophy, sports, and the African 
American experience / John H. McClendon III, Stephen C. 
Ferguson II.",c2012.,https://media.defense.gov/2025/Apr/04/2003683009/-1/-1/0/250404-LIST%20OF%20REMOVED%20BOOKS%20FROM%20NIMITZ%20LIBRARY.PDF,2025-04-04
166,"Taliaferro : breaking barriers from the NFL draft to the ivory tower 
/ Dawn Knight.",c2007.,https://media.defense.gov/2025/Apr/04/2003683009/-1/-1/0/250404-LIST%20OF%20REMOVED%20BOOKS%20FROM%20NIMITZ%20LIBRARY.PDF,2025-04-04
167,"Jack Johnson, rebel sojourner : boxing in the shadow of the global 
color line / Theresa Runstedtler.",c2012.,https://media.defense.gov/2025/Apr/04/2003683009/-1/-1/0/250404-LIST%20OF%20REMOVED%20BOOKS%20FROM%20NIMITZ%20LIBRARY.PDF,2025-04-04
168,"Histories of racial capitalism / edited by Destin Jenkins and Justin 
Leroy.",[2021],https://media.defense.gov/2025/Apr/04/2003683009/-1/-1/0/250404-LIST%20OF%20REMOVED%20BOOKS%20FROM%20NIMITZ%20LIBRARY.PDF,2025-04-04
169,"Leadership in a diverse and multicultural environment : developing 
awareness, knowledge, and skills / Mary L. Connerley, Paul B. 
Pedersen.",c2005.,https://media.defense.gov/2025/Apr/04/2003683009/-1/-1/0/250404-LIST%20OF%20REMOVED%20BOOKS%20FROM%20NIMITZ%20LIBRARY.PDF,2025-04-04
170,"Managing cultural differences : effective strategy and execution 
across cultures in global corporate alliances / Piero Morosini.",c1999.,https://media.defense.gov/2025/Apr/04/2003683009/-1/-1/0/250404-LIST%20OF%20REMOVED%20BOOKS%20FROM%20NIMITZ%20LIBRARY.PDF,2025-04-04
171,"Just work : get sh*t done, fast & fair / Kim Scott.",2021.,https://media.defense.gov/2025/Apr/04/2003683009/-1/-1/0/250404-LIST%20OF%20REMOVED%20BOOKS%20FROM%20NIMITZ%20LIBRARY.PDF,2025-04-04
172,Inventing equal opportunity / Frank Dobbin.,c2009.,https://media.defense.gov/2025/Apr/04/2003683009/-1/-1/0/250404-LIST%20OF%20REMOVED%20BOOKS%20FROM%20NIMITZ%20LIBRARY.PDF,2025-04-04
173,Racial competition and class solidarity / Terry Boswell ... [et al.],c2006.,https://media.defense.gov/2025/Apr/04/2003683009/-1/-1/0/250404-LIST%20OF%20REMOVED%20BOOKS%20FROM%20NIMITZ%20LIBRARY.PDF,2025-04-04
174,"Hate thy neighbor : move-in violence and the persistence of racial 
segregation in American housing / Jeannine Bell.",[2013],https://media.defense.gov/2025/Apr/04/2003683009/-1/-1/0/250404-LIST%20OF%20REMOVED%20BOOKS%20FROM%20NIMITZ%20LIBRARY.PDF,2025-04-04
175,"Racing for innocence : whiteness, gender, and the backlash against 
affirmative action / Jennifer L. Pierce.",[2012],https://media.defense.gov/2025/Apr/04/2003683009/-1/-1/0/250404-LIST%20OF%20REMOVED%20BOOKS%20FROM%20NIMITZ%20LIBRARY.PDF,2025-04-04
176,"Getting to diversity : what works and what doesn't / Frank Dobbin, 
Alexandra Kalev.",2022.,https://media.defense.gov/2025/Apr/04/2003683009/-1/-1/0/250404-LIST%20OF%20REMOVED%20BOOKS%20FROM%20NIMITZ%20LIBRARY.PDF,2025-04-04
177,"The diversity scorecard : evaluating the impact of diversity on 
organizational performance / Edward E. Hubbard.",c2004.,https://media.defense.gov/2025/Apr/04/2003683009/-1/-1/0/250404-LIST%20OF%20REMOVED%20BOOKS%20FROM%20NIMITZ%20LIBRARY.PDF,2025-04-04
178,"Corporate tribalism : white men/white women and cultural 
diversity at work / Thomas Kochman and Jean Mavrelis.",2009.,https://media.defense.gov/2025/Apr/04/2003683009/-1/-1/0/250404-LIST%20OF%20REMOVED%20BOOKS%20FROM%20NIMITZ%20LIBRARY.PDF,2025-04-04
179,Implementing diversity / Marilyn Loden.,c1996.,https://media.defense.gov/2025/Apr/04/2003683009/-1/-1/0/250404-LIST%20OF%20REMOVED%20BOOKS%20FROM%20NIMITZ%20LIBRARY.PDF,2025-04-04
180,"The difference : how the power of diversity creates better groups, 
firms, schools, and societies / Scott E. Page.",c2007.,https://media.defense.gov/2025/Apr/04/2003683009/-1/-1/0/250404-LIST%20OF%20REMOVED%20BOOKS%20FROM%20NIMITZ%20LIBRARY.PDF,2025-04-04
181,"The Rowman & Littlefield handbook on workplace diversity and 
stratification / edited by Tsedale M. Melaku, Angie Beeman, and 
Christoph Winkler.",[2023],https://media.defense.gov/2025/Apr/04/2003683009/-1/-1/0/250404-LIST%20OF%20REMOVED%20BOOKS%20FROM%20NIMITZ%20LIBRARY.PDF,2025-04-04
182,"Generations at work : managing the clash of veterans, boomers, 
xers, and nexters in your workplace / Ron Zemke, Claire Raines, 
Bob Filipczak.",c2000.,https://media.defense.gov/2025/Apr/04/2003683009/-1/-1/0/250404-LIST%20OF%20REMOVED%20BOOKS%20FROM%20NIMITZ%20LIBRARY.PDF,2025-04-04
183,"Visible identities : race, gender, and the self / Linda Martín Alcoff.",c2006.,https://media.defense.gov/2025/Apr/04/2003683009/-1/-1/0/250404-LIST%20OF%20REMOVED%20BOOKS%20FROM%20NIMITZ%20LIBRARY.PDF,2025-04-04
184,"Pursuing Trayvon Martin : historical contexts and contemporary 
manifestations of racial dynamics / edited by George Yancy and 
Janine Jones.",c2013.,https://media.defense.gov/2025/Apr/04/2003683009/-1/-1/0/250404-LIST%20OF%20REMOVED%20BOOKS%20FROM%20NIMITZ%20LIBRARY.PDF,2025-04-04
185,"After multiculturalism : the politics of race and the dialectics of 
liberty / John F. Welsh.",c2008.,https://media.defense.gov/2025/Apr/04/2003683009/-1/-1/0/250404-LIST%20OF%20REMOVED%20BOOKS%20FROM%20NIMITZ%20LIBRARY.PDF,2025-04-04
186,"The Psychology of sexual orientation, behavior, and identity : a 
handbook / edited by Louis Diamant and Richard D. McAnulty.",1995.,https://media.defense.gov/2025/Apr/04/2003683009/-1/-1/0/250404-LIST%20OF%20REMOVED%20BOOKS%20FROM%20NIMITZ%20LIBRARY.PDF,2025-04-04
187,"American sexual character : sex, gender, and national identity in 
the Kinsey reports / Miriam G. Reumann.",c2005.,https://media.defense.gov/2025/Apr/04/2003683009/-1/-1/0/250404-LIST%20OF%20REMOVED%20BOOKS%20FROM%20NIMITZ%20LIBRARY.PDF,2025-04-04
188,"Gender : a graphic guide / Meg-John Barker, Jules Scheele.",2019.,https://media.defense.gov/2025/Apr/04/2003683009/-1/-1/0/250404-LIST%20OF%20REMOVED%20BOOKS%20FROM%20NIMITZ%20LIBRARY.PDF,2025-04-04
189,"Nonbinary gender identities : history, culture, resources / Charlie 
McNabb.",[2018],https://media.defense.gov/2025/Apr/04/2003683009/-1/-1/0/250404-LIST%20OF%20REMOVED%20BOOKS%20FROM%20NIMITZ%20LIBRARY.PDF,2025-04-04
190,Gay Berlin : birthplace of a modern identity / Robert Beachy.,2014.,https://media.defense.gov/2025/Apr/04/2003683009/-1/-1/0/250404-LIST%20OF%20REMOVED%20BOOKS%20FROM%20NIMITZ%20LIBRARY.PDF,2025-04-04
191,"The man who would be queen : the science of gender-bending and 
transsexualism / J. Michael Bailey.",c2003.,https://media.defense.gov/2025/Apr/04/2003683009/-1/-1/0/250404-LIST%20OF%20REMOVED%20BOOKS%20FROM%20NIMITZ%20LIBRARY.PDF,2025-04-04
192,Homosexuality & civilization / Louis Crompton.,2003.,https://media.defense.gov/2025/Apr/04/2003683009/-1/-1/0/250404-LIST%20OF%20REMOVED%20BOOKS%20FROM%20NIMITZ%20LIBRARY.PDF,2025-04-04
193,"Mapping desire : geographies of sexualities / edited by David Bell 
& Gill Valentine.",1995.,https://media.defense.gov/2025/Apr/04/2003683009/-1/-1/0/250404-LIST%20OF%20REMOVED%20BOOKS%20FROM%20NIMITZ%20LIBRARY.PDF,2025-04-04
194,"Moral panics, sex panics : fear and the fight over sexual rights / 
edited by Gilbert Herdt.",c2009.,https://media.defense.gov/2025/Apr/04/2003683009/-1/-1/0/250404-LIST%20OF%20REMOVED%20BOOKS%20FROM%20NIMITZ%20LIBRARY.PDF,2025-04-04
195,Transgender voices : beyond women and men / Lori B. Girshick.,c2008.,https://media.defense.gov/2025/Apr/04/2003683009/-1/-1/0/250404-LIST%20OF%20REMOVED%20BOOKS%20FROM%20NIMITZ%20LIBRARY.PDF,2025-04-04
196,"The hidden case of Ewan Forbes : and the unwritten history of the 
trans experience / Zoë Playdon.",2021.,https://media.defense.gov/2025/Apr/04/2003683009/-1/-1/0/250404-LIST%20OF%20REMOVED%20BOOKS%20FROM%20NIMITZ%20LIBRARY.PDF,2025-04-04
197,Crossing : a memoir / Deirdre McCloskey.,1999.,https://media.defense.gov/2025/Apr/04/2003683009/-1/-1/0/250404-LIST%20OF%20REMOVED%20BOOKS%20FROM%20NIMITZ%20LIBRARY.PDF,2025-04-04
198,"A social and psychological account of gender transition : the diary 
of a transsexual academic / Gypsey Elaine Teague ; with a 
foreword by Jennifer Sager.",c2008.,https://media.defense.gov/2025/Apr/04/2003683009/-1/-1/0/250404-LIST%20OF%20REMOVED%20BOOKS%20FROM%20NIMITZ%20LIBRARY.PDF,2025-04-04
199,"Trans : gender and race in an age of unsettled identities / Rogers 
Brubaker.",[2016],https://media.defense.gov/2025/Apr/04/2003683009/-1/-1/0/250404-LIST%20OF%20REMOVED%20BOOKS%20FROM%20NIMITZ%20LIBRARY.PDF,2025-04-04
200,"Transgender warriors : making history from Joan of Arc to RuPaul 
/ Leslie Feinberg.",c1996.,https://media.defense.gov/2025/Apr/04/2003683009/-1/-1/0/250404-LIST%20OF%20REMOVED%20BOOKS%20FROM%20NIMITZ%20LIBRARY.PDF,2025-04-04
201,Second skins : the body narratives of transsexuality / Jay Prosser.,c1998.,https://media.defense.gov/2025/Apr/04/2003683009/-1/-1/0/250404-LIST%20OF%20REMOVED%20BOOKS%20FROM%20NIMITZ%20LIBRARY.PDF,2025-04-04
202,"Transgender rights and politics : groups, issue framing, and policy 
adoption / edited by Jami K. Taylor and Donald P. Haider-Markel.",2014.,https://media.defense.gov/2025/Apr/04/2003683009/-1/-1/0/250404-LIST%20OF%20REMOVED%20BOOKS%20FROM%20NIMITZ%20LIBRARY.PDF,2025-04-04
203,"Transforming citizenships : transgender articulations of the law / 
Isaac West.",[2014],https://media.defense.gov/2025/Apr/04/2003683009/-1/-1/0/250404-LIST%20OF%20REMOVED%20BOOKS%20FROM%20NIMITZ%20LIBRARY.PDF,2025-04-04
204,The lives of transgender people / Genny Beemyn and Susan Rankin.,c2011.,https://media.defense.gov/2025/Apr/04/2003683009/-1/-1/0/250404-LIST%20OF%20REMOVED%20BOOKS%20FROM%20NIMITZ%20LIBRARY.PDF,2025-04-04
205,"Gender, youth and culture : young masculinities and femininities / 
Anoop Nayak and Mary Jane Kehily.",2008.,https://media.defense.gov/2025/Apr/04/2003683009/-1/-1/0/250404-LIST%20OF%20REMOVED%20BOOKS%20FROM%20NIMITZ%20LIBRARY.PDF,2025-04-04
206,"Theorizing gender / Rachel Alsop, Annette Fitzsimons and 
Kathleen Lennon with a guest chapter on psychoanalysis by Ros 
Minsky.",2002.,https://media.defense.gov/2025/Apr/04/2003683009/-1/-1/0/250404-LIST%20OF%20REMOVED%20BOOKS%20FROM%20NIMITZ%20LIBRARY.PDF,2025-04-04
207,"The lenses of gender : transforming the debate on sexual inequality 
/ Sandra Lipsitz Bem.",c1993.,https://media.defense.gov/2025/Apr/04/2003683009/-1/-1/0/250404-LIST%20OF%20REMOVED%20BOOKS%20FROM%20NIMITZ%20LIBRARY.PDF,2025-04-04
208,Gender / Harriet Bradley.,2007.,https://media.defense.gov/2025/Apr/04/2003683009/-1/-1/0/250404-LIST%20OF%20REMOVED%20BOOKS%20FROM%20NIMITZ%20LIBRARY.PDF,2025-04-04
209,"A companion to gender history / edited by Teresa A. Meade and 
Merry E. Wiesner-Hanks.",2004.,https://media.defense.gov/2025/Apr/04/2003683009/-1/-1/0/250404-LIST%20OF%20REMOVED%20BOOKS%20FROM%20NIMITZ%20LIBRARY.PDF,2025-04-04
210,"Examining identity in sports media / editors, Heather L. Hundley, 
Andrew C. Billings.",c2010.,https://media.defense.gov/2025/Apr/04/2003683009/-1/-1/0/250404-LIST%20OF%20REMOVED%20BOOKS%20FROM%20NIMITZ%20LIBRARY.PDF,2025-04-04
211,"Sexing the body : gender politics and the construction of sexuality / 
Anne Fausto-Sterling.",c2000.,https://media.defense.gov/2025/Apr/04/2003683009/-1/-1/0/250404-LIST%20OF%20REMOVED%20BOOKS%20FROM%20NIMITZ%20LIBRARY.PDF,2025-04-04
212,"Gender issues in contemporary society / Stuart Oskamp, Mark 
Costanzo, editors.",c1993.,https://media.defense.gov/2025/Apr/04/2003683009/-1/-1/0/250404-LIST%20OF%20REMOVED%20BOOKS%20FROM%20NIMITZ%20LIBRARY.PDF,2025-04-04
213,"Intimate citizenships : gender, sexualities, politics / edited by 
Elżbieta H. Oleksy.",2009.,https://media.defense.gov/2025/Apr/04/2003683009/-1/-1/0/250404-LIST%20OF%20REMOVED%20BOOKS%20FROM%20NIMITZ%20LIBRARY.PDF,2025-04-04
214,The gendered society / Michael S. Kimmel.,2004.,https://media.defense.gov/2025/Apr/04/2003683009/-1/-1/0/250404-LIST%20OF%20REMOVED%20BOOKS%20FROM%20NIMITZ%20LIBRARY.PDF,2025-04-04
215,Paradoxes of gender / Judith Lorber.,c1994.,https://media.defense.gov/2025/Apr/04/2003683009/-1/-1/0/250404-LIST%20OF%20REMOVED%20BOOKS%20FROM%20NIMITZ%20LIBRARY.PDF,2025-04-04
216,"S/he brain : science, sexual politics, and the myths of feminism / 
Robert L. Nadeau.",1996.,https://media.defense.gov/2025/Apr/04/2003683009/-1/-1/0/250404-LIST%20OF%20REMOVED%20BOOKS%20FROM%20NIMITZ%20LIBRARY.PDF,2025-04-04
217,"Different but equal : communication between the sexes / Kay E. 
Payne.",2001.,https://media.defense.gov/2025/Apr/04/2003683009/-1/-1/0/250404-LIST%20OF%20REMOVED%20BOOKS%20FROM%20NIMITZ%20LIBRARY.PDF,2025-04-04
218,"Perceiving gender locally, globally, and intersectionally / edited by 
Vasilikie Demos, Marcia Texler Segal.",2009.,https://media.defense.gov/2025/Apr/04/2003683009/-1/-1/0/250404-LIST%20OF%20REMOVED%20BOOKS%20FROM%20NIMITZ%20LIBRARY.PDF,2025-04-04
219,"Race and the subject of masculinities / Harry Stecopoulos and 
Michael Uebel, editors.",1997.,https://media.defense.gov/2025/Apr/04/2003683009/-1/-1/0/250404-LIST%20OF%20REMOVED%20BOOKS%20FROM%20NIMITZ%20LIBRARY.PDF,2025-04-04
220,"Gender circuits : bodies and identities in a technological age / Eve 
Shapiro.",2010.,https://media.defense.gov/2025/Apr/04/2003683009/-1/-1/0/250404-LIST%20OF%20REMOVED%20BOOKS%20FROM%20NIMITZ%20LIBRARY.PDF,2025-04-04
221,"The underground girls of Kabul : in search of a hidden resistance in 
Afghanistan / Jenny Nordberg.",[2014],https://media.defense.gov/2025/Apr/04/2003683009/-1/-1/0/250404-LIST%20OF%20REMOVED%20BOOKS%20FROM%20NIMITZ%20LIBRARY.PDF,2025-04-04
222,Gender in early modern German history / edited by Ulinka Rublack.,2002.,https://media.defense.gov/2025/Apr/04/2003683009/-1/-1/0/250404-LIST%20OF%20REMOVED%20BOOKS%20FROM%20NIMITZ%20LIBRARY.PDF,2025-04-04
223,The masculine woman in Weimar Germany / Katie Sutton.,2011.,https://media.defense.gov/2025/Apr/04/2003683009/-1/-1/0/250404-LIST%20OF%20REMOVED%20BOOKS%20FROM%20NIMITZ%20LIBRARY.PDF,2025-04-04
224,"Gender through time in the ancient Near East / edited by Diane 
Bolger.",c2008.,https://media.defense.gov/2025/Apr/04/2003683009/-1/-1/0/250404-LIST%20OF%20REMOVED%20BOOKS%20FROM%20NIMITZ%20LIBRARY.PDF,2025-04-04
225,"Gender pluralism : southeast Asia since early modern times / 
Michael G. Peletz.",2009.,https://media.defense.gov/2025/Apr/04/2003683009/-1/-1/0/250404-LIST%20OF%20REMOVED%20BOOKS%20FROM%20NIMITZ%20LIBRARY.PDF,2025-04-04
226,"Gendering bodies / Sara L. Crawley, Lara J. Foley, Constance L. 
Shehan.",c2008.,https://media.defense.gov/2025/Apr/04/2003683009/-1/-1/0/250404-LIST%20OF%20REMOVED%20BOOKS%20FROM%20NIMITZ%20LIBRARY.PDF,2025-04-04
227,"The specter of sex : gendered foundations of racial formation in the 
United States / Sally L. Kitch.",c2009.,https://media.defense.gov/2025/Apr/04/2003683009/-1/-1/0/250404-LIST%20OF%20REMOVED%20BOOKS%20FROM%20NIMITZ%20LIBRARY.PDF,2025-04-04
228,"Masculinity from the inside : gender theory's missing piece / Bruce 
Fleming.",2023.,https://media.defense.gov/2025/Apr/04/2003683009/-1/-1/0/250404-LIST%20OF%20REMOVED%20BOOKS%20FROM%20NIMITZ%20LIBRARY.PDF,2025-04-04
229,"The masculine mystique : the politics of masculinity / Andrew 
Kimbrell.",1995.,https://media.defense.gov/2025/Apr/04/2003683009/-1/-1/0/250404-LIST%20OF%20REMOVED%20BOOKS%20FROM%20NIMITZ%20LIBRARY.PDF,2025-04-04
230,"Imagined masculinities : male identity and culture in the modern 
Middle East / edited by Mai Ghoussoub and Emma Sinclair-Webb.",2000.,https://media.defense.gov/2025/Apr/04/2003683009/-1/-1/0/250404-LIST%20OF%20REMOVED%20BOOKS%20FROM%20NIMITZ%20LIBRARY.PDF,2025-04-04
231,"Hermeneutics and honor : negotiating female ""public"" space in 
Islamic/ate societies / edited by Asma Afsaruddin ; foreword by 
Mary-Jo DelVecchio Good ; with contributions by Anan Ameri ... 
[et al.]",c1999.,https://media.defense.gov/2025/Apr/04/2003683009/-1/-1/0/250404-LIST%20OF%20REMOVED%20BOOKS%20FROM%20NIMITZ%20LIBRARY.PDF,2025-04-04
232,Gender / edited by Mary Evans.,2011.,https://media.defense.gov/2025/Apr/04/2003683009/-1/-1/0/250404-LIST%20OF%20REMOVED%20BOOKS%20FROM%20NIMITZ%20LIBRARY.PDF,2025-04-04
233,Gender / edited by Mary Evans.,2011.,https://media.defense.gov/2025/Apr/04/2003683009/-1/-1/0/250404-LIST%20OF%20REMOVED%20BOOKS%20FROM%20NIMITZ%20LIBRARY.PDF,2025-04-04
234,Gender / edited by Mary Evans.,2011.,https://media.defense.gov/2025/Apr/04/2003683009/-1/-1/0/250404-LIST%20OF%20REMOVED%20BOOKS%20FROM%20NIMITZ%20LIBRARY.PDF,2025-04-04
235,Gender / edited by Mary Evans.,2011.,https://media.defense.gov/2025/Apr/04/2003683009/-1/-1/0/250404-LIST%20OF%20REMOVED%20BOOKS%20FROM%20NIMITZ%20LIBRARY.PDF,2025-04-04
236,"Feminism and antiracism : international struggles for justice / 
edited by France Winddance Twine and Kathleen M. Blee.",c2001.,https://media.defense.gov/2025/Apr/04/2003683009/-1/-1/0/250404-LIST%20OF%20REMOVED%20BOOKS%20FROM%20NIMITZ%20LIBRARY.PDF,2025-04-04
237,"Feminism is queer : the intimate connection between queer and 
feminist theory / Mimi Marinucci.",2010.,https://media.defense.gov/2025/Apr/04/2003683009/-1/-1/0/250404-LIST%20OF%20REMOVED%20BOOKS%20FROM%20NIMITZ%20LIBRARY.PDF,2025-04-04
238,"What are we fighting for? : sex, race, class, and the future of 
feminism / Joanna Russ.",1998.,https://media.defense.gov/2025/Apr/04/2003683009/-1/-1/0/250404-LIST%20OF%20REMOVED%20BOOKS%20FROM%20NIMITZ%20LIBRARY.PDF,2025-04-04
239,"Handbook of the psychology of women and gender/ edited by 
Rhoda K. Unger.",c2001.,https://media.defense.gov/2025/Apr/04/2003683009/-1/-1/0/250404-LIST%20OF%20REMOVED%20BOOKS%20FROM%20NIMITZ%20LIBRARY.PDF,2025-04-04
240,"Women, men & gender : ongoing debates / edited by Mary Roth 
Walsh.",c1997.,https://media.defense.gov/2025/Apr/04/2003683009/-1/-1/0/250404-LIST%20OF%20REMOVED%20BOOKS%20FROM%20NIMITZ%20LIBRARY.PDF,2025-04-04
241,"White women's rights : the racial origins of feminism in the United 
States / Louise Michele Newman.",1999.,https://media.defense.gov/2025/Apr/04/2003683009/-1/-1/0/250404-LIST%20OF%20REMOVED%20BOOKS%20FROM%20NIMITZ%20LIBRARY.PDF,2025-04-04
242,"Shopping around : feminine culture and the pursuit of pleasure / 
Hilary Radner.",1995.,https://media.defense.gov/2025/Apr/04/2003683009/-1/-1/0/250404-LIST%20OF%20REMOVED%20BOOKS%20FROM%20NIMITZ%20LIBRARY.PDF,2025-04-04
243,"Autobiography of a blue-eyed devil : my life and times in a racist, 
imperialist society / Inga Muscio.",c2005.,https://media.defense.gov/2025/Apr/04/2003683009/-1/-1/0/250404-LIST%20OF%20REMOVED%20BOOKS%20FROM%20NIMITZ%20LIBRARY.PDF,2025-04-04
244,"Women with mustaches and men without beards : gender and 
sexual anxieties of Iranian modernity / Afsaneh Najmabadi.",2005.,https://media.defense.gov/2025/Apr/04/2003683009/-1/-1/0/250404-LIST%20OF%20REMOVED%20BOOKS%20FROM%20NIMITZ%20LIBRARY.PDF,2025-04-04
245,"White supremacy groups / Mitchell Young, book editor.",c2008.,https://media.defense.gov/2025/Apr/04/2003683009/-1/-1/0/250404-LIST%20OF%20REMOVED%20BOOKS%20FROM%20NIMITZ%20LIBRARY.PDF,2025-04-04
246,"The second coming of the KKK : the Ku Klux Klan of the 1920s 
and the American political tradition / Linda Gordon.",[2017],https://media.defense.gov/2025/Apr/04/2003683009/-1/-1/0/250404-LIST%20OF%20REMOVED%20BOOKS%20FROM%20NIMITZ%20LIBRARY.PDF,2025-04-04
247,"Ku Klux kulture : America and the Klan in the 1920s / Felix 
Harcourt.",[2017],https://media.defense.gov/2025/Apr/04/2003683009/-1/-1/0/250404-LIST%20OF%20REMOVED%20BOOKS%20FROM%20NIMITZ%20LIBRARY.PDF,2025-04-04
248,"Nice racism : how progressive White people perpetuate racial harm 
/ Robin DiAngelo.",[2021],https://media.defense.gov/2025/Apr/04/2003683009/-1/-1/0/250404-LIST%20OF%20REMOVED%20BOOKS%20FROM%20NIMITZ%20LIBRARY.PDF,2025-04-04
249,"White fragility : why it's so hard for White people to talk about 
racism / Robin DiAngelo.",[2018],https://media.defense.gov/2025/Apr/04/2003683009/-1/-1/0/250404-LIST%20OF%20REMOVED%20BOOKS%20FROM%20NIMITZ%20LIBRARY.PDF,2025-04-04
250,"Hatreds : racialized and sexualized conflicts in the 21st century / 
Zillah Eisenstein.",1996.,https://media.defense.gov/2025/Apr/04/2003683009/-1/-1/0/250404-LIST%20OF%20REMOVED%20BOOKS%20FROM%20NIMITZ%20LIBRARY.PDF,2025-04-04
251,"The spectre of race : how discrimination haunts western democracy 
/ Michael G. Hanchard.",[2018],https://media.defense.gov/2025/Apr/04/2003683009/-1/-1/0/250404-LIST%20OF%20REMOVED%20BOOKS%20FROM%20NIMITZ%20LIBRARY.PDF,2025-04-04
252,"This book is anti-racist / by Tiffany Jewell ; illustrated by 
Aur<U+fffd>elia Durand.",2020.,https://media.defense.gov/2025/Apr/04/2003683009/-1/-1/0/250404-LIST%20OF%20REMOVED%20BOOKS%20FROM%20NIMITZ%20LIBRARY.PDF,2025-04-04
253,"A formula for eradicating racism : debunking white supremacy / 
Timothy McGettigan Professor of Sociology, Colorado State 
University, Pueblo, USA and Earl Smith Rubin Professor and 
Director, American Ethnic Studies, and Professor of Sociology, 
WakeForestUniversity,USA.",[2016],https://media.defense.gov/2025/Apr/04/2003683009/-1/-1/0/250404-LIST%20OF%20REMOVED%20BOOKS%20FROM%20NIMITZ%20LIBRARY.PDF,2025-04-04
254,"Mixed messages : multiracial identities in the ""color-blind"" era / 
edited by David L. Brunsma.",2006.,https://media.defense.gov/2025/Apr/04/2003683009/-1/-1/0/250404-LIST%20OF%20REMOVED%20BOOKS%20FROM%20NIMITZ%20LIBRARY.PDF,2025-04-04
255,"Hate on the net : extremist sites, neo-fascism on-line, electronic 
jihad / Antonio Roversi, Lawrence Smith.",c2008.,https://media.defense.gov/2025/Apr/04/2003683009/-1/-1/0/250404-LIST%20OF%20REMOVED%20BOOKS%20FROM%20NIMITZ%20LIBRARY.PDF,2025-04-04
256,"I'm not a racist, but-- ; the moral quandary of race / Lawrence 
Blum.",2002.,https://media.defense.gov/2025/Apr/04/2003683009/-1/-1/0/250404-LIST%20OF%20REMOVED%20BOOKS%20FROM%20NIMITZ%20LIBRARY.PDF,2025-04-04
257,Stain removal : ethics and race / J. Reid Miller.,[2017],https://media.defense.gov/2025/Apr/04/2003683009/-1/-1/0/250404-LIST%20OF%20REMOVED%20BOOKS%20FROM%20NIMITZ%20LIBRARY.PDF,2025-04-04
258,"Race and the education of desire : Foucault's History of sexuality 
and the colonial order of things / by Ann Laura Stoler.",1995.,https://media.defense.gov/2025/Apr/04/2003683009/-1/-1/0/250404-LIST%20OF%20REMOVED%20BOOKS%20FROM%20NIMITZ%20LIBRARY.PDF,2025-04-04
259,"Teaching race and anti-racism in contemporary America : adding 
context to colorblindness / Kristin Haltinner, editor.",c2014.,https://media.defense.gov/2025/Apr/04/2003683009/-1/-1/0/250404-LIST%20OF%20REMOVED%20BOOKS%20FROM%20NIMITZ%20LIBRARY.PDF,2025-04-04
260,"What does it mean to be white? : developing white racial literacy / 
Robin DiAngelo.",©2012.,https://media.defense.gov/2025/Apr/04/2003683009/-1/-1/0/250404-LIST%20OF%20REMOVED%20BOOKS%20FROM%20NIMITZ%20LIBRARY.PDF,2025-04-04
261,"I don't see color : personal and critical perspectives on white 
privilege / edited by Bettina Bergo and Tracey Nicholls.",[2015],https://media.defense.gov/2025/Apr/04/2003683009/-1/-1/0/250404-LIST%20OF%20REMOVED%20BOOKS%20FROM%20NIMITZ%20LIBRARY.PDF,2025-04-04
262,"The machinery of whiteness : studies in the structure of 
racialization / Steve Martinot.",2010.,https://media.defense.gov/2025/Apr/04/2003683009/-1/-1/0/250404-LIST%20OF%20REMOVED%20BOOKS%20FROM%20NIMITZ%20LIBRARY.PDF,2025-04-04
263,"Me and white supremacy : combat racism, change the world, and 
become a good ancestor / Layla F. Saad.",[2020],https://media.defense.gov/2025/Apr/04/2003683009/-1/-1/0/250404-LIST%20OF%20REMOVED%20BOOKS%20FROM%20NIMITZ%20LIBRARY.PDF,2025-04-04
264,"Revealing whiteness : the unconscious habits of racial privilege / 
Shannon Sullivan.",c2006.,https://media.defense.gov/2025/Apr/04/2003683009/-1/-1/0/250404-LIST%20OF%20REMOVED%20BOOKS%20FROM%20NIMITZ%20LIBRARY.PDF,2025-04-04
265,"White self-criticality beyond anti-racism : how does it feel to be a 
white problem? / edited by George Yancy.",[2015],https://media.defense.gov/2025/Apr/04/2003683009/-1/-1/0/250404-LIST%20OF%20REMOVED%20BOOKS%20FROM%20NIMITZ%20LIBRARY.PDF,2025-04-04
266,"The price of progressive politics : the welfare rights movement in 
an era of colorblind racism / Rose Ernst.",c2010.,https://media.defense.gov/2025/Apr/04/2003683009/-1/-1/0/250404-LIST%20OF%20REMOVED%20BOOKS%20FROM%20NIMITZ%20LIBRARY.PDF,2025-04-04
267,"Creating gender : the sexual politics of welfare policy / Cathy 
Marie Johnson, Georgia Duerst-Lahti, Noelle H. Norton.",2007.,https://media.defense.gov/2025/Apr/04/2003683009/-1/-1/0/250404-LIST%20OF%20REMOVED%20BOOKS%20FROM%20NIMITZ%20LIBRARY.PDF,2025-04-04
268,"Lynching : American mob murder in global perspective / Robert 
W. Thurston.",c2011.,https://media.defense.gov/2025/Apr/04/2003683009/-1/-1/0/250404-LIST%20OF%20REMOVED%20BOOKS%20FROM%20NIMITZ%20LIBRARY.PDF,2025-04-04
269,"Inside organized racism : women in the hate movement / Kathleen 
M. Blee.",c2002.,https://media.defense.gov/2025/Apr/04/2003683009/-1/-1/0/250404-LIST%20OF%20REMOVED%20BOOKS%20FROM%20NIMITZ%20LIBRARY.PDF,2025-04-04
270,"Policing Black bodies : how Black lives are surveilled and how to 
work for change / Angela J. Hattery and Earl Smith.",[2018],https://media.defense.gov/2025/Apr/04/2003683009/-1/-1/0/250404-LIST%20OF%20REMOVED%20BOOKS%20FROM%20NIMITZ%20LIBRARY.PDF,2025-04-04
271,"Police violence and race : the effects of racial focusing events on 
attitudes about race relations / by Midshipman Gavin D. Jernigan, 
USN.",[2016],https://media.defense.gov/2025/Apr/04/2003683009/-1/-1/0/250404-LIST%20OF%20REMOVED%20BOOKS%20FROM%20NIMITZ%20LIBRARY.PDF,2025-04-04
272,Race and the making of American political science / Jessica Blatt.,[2018],https://media.defense.gov/2025/Apr/04/2003683009/-1/-1/0/250404-LIST%20OF%20REMOVED%20BOOKS%20FROM%20NIMITZ%20LIBRARY.PDF,2025-04-04
273,"Theorizing discrimination in an era of contested prejudice : 
discrimination in the United States / Samuel Roundfield Lucas.",2008.,https://media.defense.gov/2025/Apr/04/2003683009/-1/-1/0/250404-LIST%20OF%20REMOVED%20BOOKS%20FROM%20NIMITZ%20LIBRARY.PDF,2025-04-04
274,Only words / Catharine A. MacKinnon.,1993.,https://media.defense.gov/2025/Apr/04/2003683009/-1/-1/0/250404-LIST%20OF%20REMOVED%20BOOKS%20FROM%20NIMITZ%20LIBRARY.PDF,2025-04-04
275,"Sex/gender outsiders, hate speech, and freedom of expression : can 
they say that about me? / Martha T. Zingo.",1998.,https://media.defense.gov/2025/Apr/04/2003683009/-1/-1/0/250404-LIST%20OF%20REMOVED%20BOOKS%20FROM%20NIMITZ%20LIBRARY.PDF,2025-04-04
276,"Words that wound : critical race theory, assaultive speech, and the 
First Amendment / Mari J. Matsuda ... [et al.]",1993.,https://media.defense.gov/2025/Apr/04/2003683009/-1/-1/0/250404-LIST%20OF%20REMOVED%20BOOKS%20FROM%20NIMITZ%20LIBRARY.PDF,2025-04-04
277,"Words that wound : critical race theory, assaultive speech, and the 
First Amendment / Mari J. Matsuda ... [et al.]",1993.,https://media.defense.gov/2025/Apr/04/2003683009/-1/-1/0/250404-LIST%20OF%20REMOVED%20BOOKS%20FROM%20NIMITZ%20LIBRARY.PDF,2025-04-04
278,"Crook County : racism and injustice in America's largest criminal 
court / Nicole Gonzalez Van Cleve.",[2017],https://media.defense.gov/2025/Apr/04/2003683009/-1/-1/0/250404-LIST%20OF%20REMOVED%20BOOKS%20FROM%20NIMITZ%20LIBRARY.PDF,2025-04-04
279,"Teaching White supremacy : America's democratic ordeal and the 
forging of our national identity / Donald Yacovone.",[2022],https://media.defense.gov/2025/Apr/04/2003683009/-1/-1/0/250404-LIST%20OF%20REMOVED%20BOOKS%20FROM%20NIMITZ%20LIBRARY.PDF,2025-04-04
280,Academic outsider : stories of exclusion and hope / Victoria Reyes.,[2022],https://media.defense.gov/2025/Apr/04/2003683009/-1/-1/0/250404-LIST%20OF%20REMOVED%20BOOKS%20FROM%20NIMITZ%20LIBRARY.PDF,2025-04-04
281,"No common ground : Confederate monuments and the ongoing 
fight for racial justice / Karen L. Cox.",[2021],https://media.defense.gov/2025/Apr/04/2003683009/-1/-1/0/250404-LIST%20OF%20REMOVED%20BOOKS%20FROM%20NIMITZ%20LIBRARY.PDF,2025-04-04
282,"Critical Race Theory and education : a Marxist response / Mike 
Cole.",2009.,https://media.defense.gov/2025/Apr/04/2003683009/-1/-1/0/250404-LIST%20OF%20REMOVED%20BOOKS%20FROM%20NIMITZ%20LIBRARY.PDF,2025-04-04
283,"Confronting racism in higher education : problems and possibilities 
for fighting ignorance, bigotry and isolation / edited by Jeffrey S. 
Brooks, Iowa State University, Noelle Witherspoon Arnold, 
University of Missouri-Columbia.",[2013],https://media.defense.gov/2025/Apr/04/2003683009/-1/-1/0/250404-LIST%20OF%20REMOVED%20BOOKS%20FROM%20NIMITZ%20LIBRARY.PDF,2025-04-04
284,"The right to be out : sexual orientation and gender identity in 
America's public schools / Stuart Biegel.",c2010.,https://media.defense.gov/2025/Apr/04/2003683009/-1/-1/0/250404-LIST%20OF%20REMOVED%20BOOKS%20FROM%20NIMITZ%20LIBRARY.PDF,2025-04-04
285,"The anti-racist writing workshop : how to decolonize the creative 
classroom / Felicia Rose Chavez.",2021.,https://media.defense.gov/2025/Apr/04/2003683009/-1/-1/0/250404-LIST%20OF%20REMOVED%20BOOKS%20FROM%20NIMITZ%20LIBRARY.PDF,2025-04-04
286,"Censoring racial ridicule : Irish, Jewish, and African American 
struggles over race and representation, 1890-1930 / M. Alison 
Kibler.",[2015],https://media.defense.gov/2025/Apr/04/2003683009/-1/-1/0/250404-LIST%20OF%20REMOVED%20BOOKS%20FROM%20NIMITZ%20LIBRARY.PDF,2025-04-04
287,"Gender, participation and silence in the language classroom : sh-
shushing the girls / Allyson Julé.",2004.,https://media.defense.gov/2025/Apr/04/2003683009/-1/-1/0/250404-LIST%20OF%20REMOVED%20BOOKS%20FROM%20NIMITZ%20LIBRARY.PDF,2025-04-04
288,"Gendered media : women, men, and identity politics / Karen Ross.",c2010.,https://media.defense.gov/2025/Apr/04/2003683009/-1/-1/0/250404-LIST%20OF%20REMOVED%20BOOKS%20FROM%20NIMITZ%20LIBRARY.PDF,2025-04-04
289,"Raciolinguistics : how language shapes our ideas about race / 
edited by H. Samy Alim, John R. Rickford and Arnetha F. Ball.",[2016],https://media.defense.gov/2025/Apr/04/2003683009/-1/-1/0/250404-LIST%20OF%20REMOVED%20BOOKS%20FROM%20NIMITZ%20LIBRARY.PDF,2025-04-04
290,"Masculinities without men? : female masculinity in twentieth-
century fictions / Jean Bobby Noble.",c2004.,https://media.defense.gov/2025/Apr/04/2003683009/-1/-1/0/250404-LIST%20OF%20REMOVED%20BOOKS%20FROM%20NIMITZ%20LIBRARY.PDF,2025-04-04
291,"Deciphering culture : ordinary curiosities and subjective narratives 
/ Jane Crisp, Kay Ferres, and Gillian Swanson.",2000.,https://media.defense.gov/2025/Apr/04/2003683009/-1/-1/0/250404-LIST%20OF%20REMOVED%20BOOKS%20FROM%20NIMITZ%20LIBRARY.PDF,2025-04-04
292,"Notions of identity, diaspora, and gender in Caribbean women's 
writing / Brinda Mehta.",2009.,https://media.defense.gov/2025/Apr/04/2003683009/-1/-1/0/250404-LIST%20OF%20REMOVED%20BOOKS%20FROM%20NIMITZ%20LIBRARY.PDF,2025-04-04
293,"Was the Cat in the Hat black? : the hidden racism of children's 
literature, and the need for diverse books / Philip Nel.",[2017],https://media.defense.gov/2025/Apr/04/2003683009/-1/-1/0/250404-LIST%20OF%20REMOVED%20BOOKS%20FROM%20NIMITZ%20LIBRARY.PDF,2025-04-04
294,"Pretty/funny : women comedians and body politics / by Linda 
Mizejewski.",2014.,https://media.defense.gov/2025/Apr/04/2003683009/-1/-1/0/250404-LIST%20OF%20REMOVED%20BOOKS%20FROM%20NIMITZ%20LIBRARY.PDF,2025-04-04
295,"The birth of whiteness : race and the emergence of U.S. cinema / 
edited by Daniel Bernardi.",c1996.,https://media.defense.gov/2025/Apr/04/2003683009/-1/-1/0/250404-LIST%20OF%20REMOVED%20BOOKS%20FROM%20NIMITZ%20LIBRARY.PDF,2025-04-04
296,"Colorization : one hundred years of Black films in a white world / 
Wil Haygood.",2021.,https://media.defense.gov/2025/Apr/04/2003683009/-1/-1/0/250404-LIST%20OF%20REMOVED%20BOOKS%20FROM%20NIMITZ%20LIBRARY.PDF,2025-04-04
297,"The South never plays itself : a film buff's journey through the 
South on screen / Ben Beard.",[2020],https://media.defense.gov/2025/Apr/04/2003683009/-1/-1/0/250404-LIST%20OF%20REMOVED%20BOOKS%20FROM%20NIMITZ%20LIBRARY.PDF,2025-04-04
298,Blackface / Ayanna Thompson.,2021.,https://media.defense.gov/2025/Apr/04/2003683009/-1/-1/0/250404-LIST%20OF%20REMOVED%20BOOKS%20FROM%20NIMITZ%20LIBRARY.PDF,2025-04-04
299,"Haunted city : three centuries of racial impersonation in 
Philadelphia / Christian DuComb.",[2017],https://media.defense.gov/2025/Apr/04/2003683009/-1/-1/0/250404-LIST%20OF%20REMOVED%20BOOKS%20FROM%20NIMITZ%20LIBRARY.PDF,2025-04-04
300,The high desert / James Spooner.,[2022],https://media.defense.gov/2025/Apr/04/2003683009/-1/-1/0/250404-LIST%20OF%20REMOVED%20BOOKS%20FROM%20NIMITZ%20LIBRARY.PDF,2025-04-04
301,"Gender transgressions : crossing the normative barrier in Old 
French literature / edited by Karen J. Taylor.",1998.,https://media.defense.gov/2025/Apr/04/2003683009/-1/-1/0/250404-LIST%20OF%20REMOVED%20BOOKS%20FROM%20NIMITZ%20LIBRARY.PDF,2025-04-04
302,"Gender, rhetoric, and print culture in French Renaissance writing / 
Floyd Gray.",2000.,https://media.defense.gov/2025/Apr/04/2003683009/-1/-1/0/250404-LIST%20OF%20REMOVED%20BOOKS%20FROM%20NIMITZ%20LIBRARY.PDF,2025-04-04
303,"Gender and citizenship : the dialectics of subject-citizenship in 
nineteenth-century French literature and culture / Claudia 
Moscovici.",c2000.,https://media.defense.gov/2025/Apr/04/2003683009/-1/-1/0/250404-LIST%20OF%20REMOVED%20BOOKS%20FROM%20NIMITZ%20LIBRARY.PDF,2025-04-04
304,"Fairy tales, sexuality, and gender in France, 1690-1715 : nostalgic 
utopias / Lewis C. Seifert.",1996.,https://media.defense.gov/2025/Apr/04/2003683009/-1/-1/0/250404-LIST%20OF%20REMOVED%20BOOKS%20FROM%20NIMITZ%20LIBRARY.PDF,2025-04-04
305,"Subversive subjects : reading Marguerite Yourcenar / edited by 
Judith Holland Sarnecki and Ingeborg Majer O'Sickey.",c2004.,https://media.defense.gov/2025/Apr/04/2003683009/-1/-1/0/250404-LIST%20OF%20REMOVED%20BOOKS%20FROM%20NIMITZ%20LIBRARY.PDF,2025-04-04
306,L'enfant de sable : roman / Tahar Ben Jelloun.,"1995, c1985.",https://media.defense.gov/2025/Apr/04/2003683009/-1/-1/0/250404-LIST%20OF%20REMOVED%20BOOKS%20FROM%20NIMITZ%20LIBRARY.PDF,2025-04-04
307,"Cigar smoke and violet water : gendered discourse in the stories of 
Emilia Pardo Bazán / Joyce Tolliver.",c1998.,https://media.defense.gov/2025/Apr/04/2003683009/-1/-1/0/250404-LIST%20OF%20REMOVED%20BOOKS%20FROM%20NIMITZ%20LIBRARY.PDF,2025-04-04
308,"Gender and identity formation in contemporary Mexican literature / 
Marina Pérez de Mendiola.",1998.,https://media.defense.gov/2025/Apr/04/2003683009/-1/-1/0/250404-LIST%20OF%20REMOVED%20BOOKS%20FROM%20NIMITZ%20LIBRARY.PDF,2025-04-04
309,Post-closet masculinities in early modern England / A.W. Barnes.,c2009.,https://media.defense.gov/2025/Apr/04/2003683009/-1/-1/0/250404-LIST%20OF%20REMOVED%20BOOKS%20FROM%20NIMITZ%20LIBRARY.PDF,2025-04-04
310,"Reading sex in the eighteenth century : bodies and gender in 
English erotic culture / Karen Harvey.",2004.,https://media.defense.gov/2025/Apr/04/2003683009/-1/-1/0/250404-LIST%20OF%20REMOVED%20BOOKS%20FROM%20NIMITZ%20LIBRARY.PDF,2025-04-04
311,"Romantic friendship in Victorian literature / Carolyn W. de la L. 
Oulton.",c2007.,https://media.defense.gov/2025/Apr/04/2003683009/-1/-1/0/250404-LIST%20OF%20REMOVED%20BOOKS%20FROM%20NIMITZ%20LIBRARY.PDF,2025-04-04
312,"Men in wonderland : the lost girlhood of the Victorian gentlemen / 
Catherine Robson.",c2001.,https://media.defense.gov/2025/Apr/04/2003683009/-1/-1/0/250404-LIST%20OF%20REMOVED%20BOOKS%20FROM%20NIMITZ%20LIBRARY.PDF,2025-04-04
313,"Dandies and desert saints : styles of Victorian masculinity/ James 
Eli Adams.",1995.,https://media.defense.gov/2025/Apr/04/2003683009/-1/-1/0/250404-LIST%20OF%20REMOVED%20BOOKS%20FROM%20NIMITZ%20LIBRARY.PDF,2025-04-04
314,"Gender roles and sexuality in Victorian literature / edited by 
Christopher Parker.",1995.,https://media.defense.gov/2025/Apr/04/2003683009/-1/-1/0/250404-LIST%20OF%20REMOVED%20BOOKS%20FROM%20NIMITZ%20LIBRARY.PDF,2025-04-04
315,"Passion made public : Elizabethan lyric, gender, and performance / 
Diana E. Henderson.",c1995.,https://media.defense.gov/2025/Apr/04/2003683009/-1/-1/0/250404-LIST%20OF%20REMOVED%20BOOKS%20FROM%20NIMITZ%20LIBRARY.PDF,2025-04-04
316,Gender and medieval drama / Katie Normington.,2004.,https://media.defense.gov/2025/Apr/04/2003683009/-1/-1/0/250404-LIST%20OF%20REMOVED%20BOOKS%20FROM%20NIMITZ%20LIBRARY.PDF,2025-04-04
317,"Enacting gender on the English Renaissance stage / edited by 
Viviana Comensoli & Anne Russell.",c1999.,https://media.defense.gov/2025/Apr/04/2003683009/-1/-1/0/250404-LIST%20OF%20REMOVED%20BOOKS%20FROM%20NIMITZ%20LIBRARY.PDF,2025-04-04
318,"Gender and literacy on stage in early modern England / Eve 
Rachele Sanders.",1998.,https://media.defense.gov/2025/Apr/04/2003683009/-1/-1/0/250404-LIST%20OF%20REMOVED%20BOOKS%20FROM%20NIMITZ%20LIBRARY.PDF,2025-04-04
319,"Broken boundaries : women & feminism in Restoration drama / 
Katherine M. Quinsey, editor.",c1996.,https://media.defense.gov/2025/Apr/04/2003683009/-1/-1/0/250404-LIST%20OF%20REMOVED%20BOOKS%20FROM%20NIMITZ%20LIBRARY.PDF,2025-04-04
320,"Schools of sympathy : gender and identification through the novel / 
Nancy Roberts.",c1997.,https://media.defense.gov/2025/Apr/04/2003683009/-1/-1/0/250404-LIST%20OF%20REMOVED%20BOOKS%20FROM%20NIMITZ%20LIBRARY.PDF,2025-04-04
321,"Gothic feminism : the professionalization of gender from Charlotte 
Smith to the Brontës / Diane Long Hoeveler.",c1998.,https://media.defense.gov/2025/Apr/04/2003683009/-1/-1/0/250404-LIST%20OF%20REMOVED%20BOOKS%20FROM%20NIMITZ%20LIBRARY.PDF,2025-04-04
322,"Regulating readers : gender and literary criticism in the eighteenth-
century novel / Ellen Gardiner.",c1999.,https://media.defense.gov/2025/Apr/04/2003683009/-1/-1/0/250404-LIST%20OF%20REMOVED%20BOOKS%20FROM%20NIMITZ%20LIBRARY.PDF,2025-04-04
323,"The trauma of gender : a feminist theory of the English novel / 
Helene Moglen.",c2001.,https://media.defense.gov/2025/Apr/04/2003683009/-1/-1/0/250404-LIST%20OF%20REMOVED%20BOOKS%20FROM%20NIMITZ%20LIBRARY.PDF,2025-04-04
324,"Bringing travel home to England : tourism, gender, and imaginative 
literature in the eighteenth century / Susan Lamb.",c2009.,https://media.defense.gov/2025/Apr/04/2003683009/-1/-1/0/250404-LIST%20OF%20REMOVED%20BOOKS%20FROM%20NIMITZ%20LIBRARY.PDF,2025-04-04
325,The modern androgyne imagination : a failed sublime / Lisa Rado.,2000.,https://media.defense.gov/2025/Apr/04/2003683009/-1/-1/0/250404-LIST%20OF%20REMOVED%20BOOKS%20FROM%20NIMITZ%20LIBRARY.PDF,2025-04-04
326,"Other sexes : rewriting difference from Woolf to Winterson / 
Andrea L. Harris.",c2000.,https://media.defense.gov/2025/Apr/04/2003683009/-1/-1/0/250404-LIST%20OF%20REMOVED%20BOOKS%20FROM%20NIMITZ%20LIBRARY.PDF,2025-04-04
327,"Regenerating the novel : gender and genre in Woolf, Forster, 
Sinclair, and Lawrence / James J. Miracky.",2003.,https://media.defense.gov/2025/Apr/04/2003683009/-1/-1/0/250404-LIST%20OF%20REMOVED%20BOOKS%20FROM%20NIMITZ%20LIBRARY.PDF,2025-04-04
328,"Impressionist subjects : gender, interiority, and modernist fiction in 
England / Tamar Katz.",c2000.,https://media.defense.gov/2025/Apr/04/2003683009/-1/-1/0/250404-LIST%20OF%20REMOVED%20BOOKS%20FROM%20NIMITZ%20LIBRARY.PDF,2025-04-04
329,"Chaucer's Pardoner and gender theory : bodies of discourse / 
Robert S. Sturges.",2000.,https://media.defense.gov/2025/Apr/04/2003683009/-1/-1/0/250404-LIST%20OF%20REMOVED%20BOOKS%20FROM%20NIMITZ%20LIBRARY.PDF,2025-04-04
330,Gender and language in Chaucer / Catherine S. Cox.,c1997.,https://media.defense.gov/2025/Apr/04/2003683009/-1/-1/0/250404-LIST%20OF%20REMOVED%20BOOKS%20FROM%20NIMITZ%20LIBRARY.PDF,2025-04-04
331,"Gender and the sacred self in John Donne / Elizabeth M.A. 
Hodgson.",c1999.,https://media.defense.gov/2025/Apr/04/2003683009/-1/-1/0/250404-LIST%20OF%20REMOVED%20BOOKS%20FROM%20NIMITZ%20LIBRARY.PDF,2025-04-04
332,"Male pretense : a gender study of Sir Philip Sidney's life and texts / 
Katrina Bachinger.",c1994.,https://media.defense.gov/2025/Apr/04/2003683009/-1/-1/0/250404-LIST%20OF%20REMOVED%20BOOKS%20FROM%20NIMITZ%20LIBRARY.PDF,2025-04-04
333,"Orienting masculinity, orienting nation : W. Somerset Maugham's 
exotic fiction / Philip Holden.",1996.,https://media.defense.gov/2025/Apr/04/2003683009/-1/-1/0/250404-LIST%20OF%20REMOVED%20BOOKS%20FROM%20NIMITZ%20LIBRARY.PDF,2025-04-04
334,"Gendering the nation : studies in modern Scottish literature / edited 
by Christopher Whyte.",c1995.,https://media.defense.gov/2025/Apr/04/2003683009/-1/-1/0/250404-LIST%20OF%20REMOVED%20BOOKS%20FROM%20NIMITZ%20LIBRARY.PDF,2025-04-04
335,Horse / Geraldine Brooks.,[2022],https://media.defense.gov/2025/Apr/04/2003683009/-1/-1/0/250404-LIST%20OF%20REMOVED%20BOOKS%20FROM%20NIMITZ%20LIBRARY.PDF,2025-04-04
336,"The queer renaissance : contemporary American literature and the 
reinvention of lesbian and gay identities / Robert McRuer.",c1997.,https://media.defense.gov/2025/Apr/04/2003683009/-1/-1/0/250404-LIST%20OF%20REMOVED%20BOOKS%20FROM%20NIMITZ%20LIBRARY.PDF,2025-04-04
337,"Writing through Jane Crow : race and gender politics in African 
American literature / Ayesha K. Hardison.",2014.,https://media.defense.gov/2025/Apr/04/2003683009/-1/-1/0/250404-LIST%20OF%20REMOVED%20BOOKS%20FROM%20NIMITZ%20LIBRARY.PDF,2025-04-04
338,"The grammar of good intentions : race and the antebellum culture 
of benevolence / Susan M. Ryan.",2003.,https://media.defense.gov/2025/Apr/04/2003683009/-1/-1/0/250404-LIST%20OF%20REMOVED%20BOOKS%20FROM%20NIMITZ%20LIBRARY.PDF,2025-04-04
339,"I don't hate the South : reflections on Faulkner, family, and the 
South / Houston A. Baker, Jr.",2007.,https://media.defense.gov/2025/Apr/04/2003683009/-1/-1/0/250404-LIST%20OF%20REMOVED%20BOOKS%20FROM%20NIMITZ%20LIBRARY.PDF,2025-04-04
340,"Haunted bodies : gender and southern texts / edited by Anne 
Goodwyn Jones and Susan V. Donaldson.",1997.,https://media.defense.gov/2025/Apr/04/2003683009/-1/-1/0/250404-LIST%20OF%20REMOVED%20BOOKS%20FROM%20NIMITZ%20LIBRARY.PDF,2025-04-04
341,"Writing/teaching : essays toward a rhetoric of pedagogy / Paul 
Kameen.",c2000.,https://media.defense.gov/2025/Apr/04/2003683009/-1/-1/0/250404-LIST%20OF%20REMOVED%20BOOKS%20FROM%20NIMITZ%20LIBRARY.PDF,2025-04-04
342,"Fettered genius : the African American bardic poet from slavery to 
civil rights / Keith D. Leonard.",2006.,https://media.defense.gov/2025/Apr/04/2003683009/-1/-1/0/250404-LIST%20OF%20REMOVED%20BOOKS%20FROM%20NIMITZ%20LIBRARY.PDF,2025-04-04
343,"Inventing black women : African American women poets and self-
representation, 1877-2000 / Ajuan Maria Mance.",c2007.,https://media.defense.gov/2025/Apr/04/2003683009/-1/-1/0/250404-LIST%20OF%20REMOVED%20BOOKS%20FROM%20NIMITZ%20LIBRARY.PDF,2025-04-04
344,"Reading race : white American poets and the racial discourse in the 
twentieth century / Aldon Lynn Nielsen.",c1988.,https://media.defense.gov/2025/Apr/04/2003683009/-1/-1/0/250404-LIST%20OF%20REMOVED%20BOOKS%20FROM%20NIMITZ%20LIBRARY.PDF,2025-04-04
345,"A question of character : scientific racism and the genres of 
American fiction, 1892-1912 / Cathy Boeckmann.",c2000.,https://media.defense.gov/2025/Apr/04/2003683009/-1/-1/0/250404-LIST%20OF%20REMOVED%20BOOKS%20FROM%20NIMITZ%20LIBRARY.PDF,2025-04-04
346,"Male rage, female fury : gender and violence in contemporary 
American fiction / Marilyn Maxwell.",c2000.,https://media.defense.gov/2025/Apr/04/2003683009/-1/-1/0/250404-LIST%20OF%20REMOVED%20BOOKS%20FROM%20NIMITZ%20LIBRARY.PDF,2025-04-04
347,"Questioning the master : gender and sexuality in Henry James's 
writings / edited by Peggy McCormack.",c2000.,https://media.defense.gov/2025/Apr/04/2003683009/-1/-1/0/250404-LIST%20OF%20REMOVED%20BOOKS%20FROM%20NIMITZ%20LIBRARY.PDF,2025-04-04
348,Henry James and sexuality / Hugh Stevens.,1998.,https://media.defense.gov/2025/Apr/04/2003683009/-1/-1/0/250404-LIST%20OF%20REMOVED%20BOOKS%20FROM%20NIMITZ%20LIBRARY.PDF,2025-04-04
349,Sarah Orne Jewett : reconstructing gender / Margaret Roman.,c1992.,https://media.defense.gov/2025/Apr/04/2003683009/-1/-1/0/250404-LIST%20OF%20REMOVED%20BOOKS%20FROM%20NIMITZ%20LIBRARY.PDF,2025-04-04
350,"Dazzling dialectics : Elizabeth Bishop's resonating feminist reality / 
Sally Bishop Shigley.",c1997.,https://media.defense.gov/2025/Apr/04/2003683009/-1/-1/0/250404-LIST%20OF%20REMOVED%20BOOKS%20FROM%20NIMITZ%20LIBRARY.PDF,2025-04-04
351,"Deviant modernism : sexual and textual errancy in T.S. Eliot, 
James Joyce, and Marcel Proust / Colleen Lamos.",1998.,https://media.defense.gov/2025/Apr/04/2003683009/-1/-1/0/250404-LIST%20OF%20REMOVED%20BOOKS%20FROM%20NIMITZ%20LIBRARY.PDF,2025-04-04
352,"Faulkner's sexualities : Faulkner and Yoknapatawpha, 2007 / edited 
by Annette Trefzer and Ann J. Abadie.",c2010.,https://media.defense.gov/2025/Apr/04/2003683009/-1/-1/0/250404-LIST%20OF%20REMOVED%20BOOKS%20FROM%20NIMITZ%20LIBRARY.PDF,2025-04-04
353,"Hemingway's fetishism : psychoanalysis and the mirror of 
manhood / Carl P. Eby.",c1999.,https://media.defense.gov/2025/Apr/04/2003683009/-1/-1/0/250404-LIST%20OF%20REMOVED%20BOOKS%20FROM%20NIMITZ%20LIBRARY.PDF,2025-04-04
354,"Hemingway's genders : rereading the Hemingway text / Nancy R. 
Comley and Robert Scholes.",c1994.,https://media.defense.gov/2025/Apr/04/2003683009/-1/-1/0/250404-LIST%20OF%20REMOVED%20BOOKS%20FROM%20NIMITZ%20LIBRARY.PDF,2025-04-04
355,"Anaïs Nin and the remaking of self : gender, modernism, and 
narrative identity / Diane Richard-Allerdyce.",1998.,https://media.defense.gov/2025/Apr/04/2003683009/-1/-1/0/250404-LIST%20OF%20REMOVED%20BOOKS%20FROM%20NIMITZ%20LIBRARY.PDF,2025-04-04
356,Richard Wright and racial discourse / Yoshinobu Hakutani.,c1996.,https://media.defense.gov/2025/Apr/04/2003683009/-1/-1/0/250404-LIST%20OF%20REMOVED%20BOOKS%20FROM%20NIMITZ%20LIBRARY.PDF,2025-04-04
357,"I know why the caged bird sings, by Maya Angelou / editor, 
Mildred R. Mickle.",c2010.,https://media.defense.gov/2025/Apr/04/2003683009/-1/-1/0/250404-LIST%20OF%20REMOVED%20BOOKS%20FROM%20NIMITZ%20LIBRARY.PDF,2025-04-04
358,Good boy : my life in seven dogs / Jennifer Finney Boylan.,2021.,https://media.defense.gov/2025/Apr/04/2003683009/-1/-1/0/250404-LIST%20OF%20REMOVED%20BOOKS%20FROM%20NIMITZ%20LIBRARY.PDF,2025-04-04
359,Every day / David Levithan.,2013.,https://media.defense.gov/2025/Apr/04/2003683009/-1/-1/0/250404-LIST%20OF%20REMOVED%20BOOKS%20FROM%20NIMITZ%20LIBRARY.PDF,2025-04-04
360,"Everybody's America : Thomas Pynchon, race, and the cultures of 
postmodernism / David Witzling.",2008.,https://media.defense.gov/2025/Apr/04/2003683009/-1/-1/0/250404-LIST%20OF%20REMOVED%20BOOKS%20FROM%20NIMITZ%20LIBRARY.PDF,2025-04-04
361,"Anne Rice and sexual politics : the early novels / by James R. 
Keller ; with conclusion by James R. Keller and Gwendolyn 
Morgan.",c2000.,https://media.defense.gov/2025/Apr/04/2003683009/-1/-1/0/250404-LIST%20OF%20REMOVED%20BOOKS%20FROM%20NIMITZ%20LIBRARY.PDF,2025-04-04
362,A psalm for the wild-built / Becky Chambers.,2021.,https://media.defense.gov/2025/Apr/04/2003683009/-1/-1/0/250404-LIST%20OF%20REMOVED%20BOOKS%20FROM%20NIMITZ%20LIBRARY.PDF,2025-04-04
363,Body language / by Kelly Magee.,c2006.,https://media.defense.gov/2025/Apr/04/2003683009/-1/-1/0/250404-LIST%20OF%20REMOVED%20BOOKS%20FROM%20NIMITZ%20LIBRARY.PDF,2025-04-04
364,Summer fun / Jeanne Thornton.,[2021],https://media.defense.gov/2025/Apr/04/2003683009/-1/-1/0/250404-LIST%20OF%20REMOVED%20BOOKS%20FROM%20NIMITZ%20LIBRARY.PDF,2025-04-04
365,"Brain storm : the flaws in the science of sex differences / Rebecca 
M. Jordan-Young.",2010.,https://media.defense.gov/2025/Apr/04/2003683009/-1/-1/0/250404-LIST%20OF%20REMOVED%20BOOKS%20FROM%20NIMITZ%20LIBRARY.PDF,2025-04-04
366,"Man & woman, boy & girl : gender identity from conception to 
maturity / John Money, Anke A. Ehrhardt.",1996.,https://media.defense.gov/2025/Apr/04/2003683009/-1/-1/0/250404-LIST%20OF%20REMOVED%20BOOKS%20FROM%20NIMITZ%20LIBRARY.PDF,2025-04-04
367,"The autobiography of a transgender scientist / Ben Barres ; 
foreword by Nancy Hopkins.",2020.,https://media.defense.gov/2025/Apr/04/2003683009/-1/-1/0/250404-LIST%20OF%20REMOVED%20BOOKS%20FROM%20NIMITZ%20LIBRARY.PDF,2025-04-04
368,"Designing and conducting gender, sex, & health research / editors, 
John L. Oliffe, Lorraine Greaves.",c2012.,https://media.defense.gov/2025/Apr/04/2003683009/-1/-1/0/250404-LIST%20OF%20REMOVED%20BOOKS%20FROM%20NIMITZ%20LIBRARY.PDF,2025-04-04
369,"Purity and pollution : gender, embodiment, and Victorian medicine 
/ Alison Bashford.",1998.,https://media.defense.gov/2025/Apr/04/2003683009/-1/-1/0/250404-LIST%20OF%20REMOVED%20BOOKS%20FROM%20NIMITZ%20LIBRARY.PDF,2025-04-04
370,"Dying of whiteness : how the politics of racial resentment is killing 
America's heartland / Jonathan M. Metzl.",[2019],https://media.defense.gov/2025/Apr/04/2003683009/-1/-1/0/250404-LIST%20OF%20REMOVED%20BOOKS%20FROM%20NIMITZ%20LIBRARY.PDF,2025-04-04
371,"Dying of whiteness : how the politics of racial resentment is killing 
America's heartland / Jonathan M. Metzl.",[2019],https://media.defense.gov/2025/Apr/04/2003683009/-1/-1/0/250404-LIST%20OF%20REMOVED%20BOOKS%20FROM%20NIMITZ%20LIBRARY.PDF,2025-04-04
372,"Dying of whiteness : how the politics of racial resentment is killing 
America's heartland / Jonathan M. Metzl.",2020.,https://media.defense.gov/2025/Apr/04/2003683009/-1/-1/0/250404-LIST%20OF%20REMOVED%20BOOKS%20FROM%20NIMITZ%20LIBRARY.PDF,2025-04-04
373,"The psychobiology of transsexualism and transgenderism : a new 
view based on scientific evidence / Thomas E. Bevan, PhD.",[2015],https://media.defense.gov/2025/Apr/04/2003683009/-1/-1/0/250404-LIST%20OF%20REMOVED%20BOOKS%20FROM%20NIMITZ%20LIBRARY.PDF,2025-04-04
374,"As nature made him : the boy who was raised as a girl / John 
Colapinto.","2006, c2001.",https://media.defense.gov/2025/Apr/04/2003683009/-1/-1/0/250404-LIST%20OF%20REMOVED%20BOOKS%20FROM%20NIMITZ%20LIBRARY.PDF,2025-04-04
375,"Between XX and XY : intersexuality and the myth of two sexes / 
Gerald N. Callahan.",c2009.,https://media.defense.gov/2025/Apr/04/2003683009/-1/-1/0/250404-LIST%20OF%20REMOVED%20BOOKS%20FROM%20NIMITZ%20LIBRARY.PDF,2025-04-04
376,Bodies in doubt : an American history of intersex / Elizabeth Reis.,2009.,https://media.defense.gov/2025/Apr/04/2003683009/-1/-1/0/250404-LIST%20OF%20REMOVED%20BOOKS%20FROM%20NIMITZ%20LIBRARY.PDF,2025-04-04
377,"Race, ethnicity, and disability : veterans and benefits in post-Civil 
War America / Larry M. Logue, Peter Blanck.",2010.,https://media.defense.gov/2025/Apr/04/2003683009/-1/-1/0/250404-LIST%20OF%20REMOVED%20BOOKS%20FROM%20NIMITZ%20LIBRARY.PDF,2025-04-04
378,"Managing diversity in the military : research perspectives from the 
Defense Equal Opportunity Management Institute / Mickey R. 
Dansby, James B. Stewart, Schuyler C. Webb, editors.",c2001.,https://media.defense.gov/2025/Apr/04/2003683009/-1/-1/0/250404-LIST%20OF%20REMOVED%20BOOKS%20FROM%20NIMITZ%20LIBRARY.PDF,2025-04-04
379,"Managing diversity in the military : the value of inclusion in a 
culture of uniformity / edited by Daniel P. McDonald and Kizzy M. 
Parks.",2012.,https://media.defense.gov/2025/Apr/04/2003683009/-1/-1/0/250404-LIST%20OF%20REMOVED%20BOOKS%20FROM%20NIMITZ%20LIBRARY.PDF,2025-04-04
380,"Diversity, equity, and inclusion in action : planning, leadership, and 
programming / edited by Christine Bombaro.",2020.,https://media.defense.gov/2025/Apr/04/2003683009/-1/-1/0/250404-LIST%20OF%20REMOVED%20BOOKS%20FROM%20NIMITZ%20LIBRARY.PDF,2025-04-04
381,"Implementing excellence in diversity, equity, and inclusion : a 
handbook for academic libraries / edited by Corliss Lee and Brian 
Lym ; with Tatiana Bryant, Jonathan Cain, and Kenneth 
Schlesinger.",2022.,https://media.defense.gov/2025/Apr/04/2003683009/-1/-1/0/250404-LIST%20OF%20REMOVED%20BOOKS%20FROM%20NIMITZ%20LIBRARY.PDF,2025-04-04
